URL,サービス,都道府県,公開日,index日,月間表示回数,CTR,平均順位,AI引用,問い合わせ率,平均滞在時間,合計点,前月差,アクション,メモ
https://local-support.jp/,トップ,-,2025-05-26,,,,,,,,0,,,
https://local-support.jp/jusuisou-seisou/,受水槽清掃,全国,2025-05-26,,,,,,,,0,,,
https://local-support.jp/jusuisou-seisou/tokyo/,受水槽清掃,東京都,2025-05-26,,,,,,,,0,,,
https://local-support.jp/jusuisou-seisou/osaka/,受水槽清掃,大阪府,2025-05-26,,,,,,,,0,,,
https://local-support.jp/jusuisou-seisou/aichi/,受水槽清掃,愛知県,2025-05-26,,,,,,,,0,,,
https://local-support.jp/jusuisou-seisou/kanagawa/,受水槽清掃,神奈川県,2025-05-26,,,,,,,,0,,,
https://local-support.jp/jusuisou-seisou/saitama/,受水槽清掃,埼玉県,2025-05-26,,,,,,,,0,,,
https://local-support.jp/jusuisou-seisou/chiba/,受水槽清掃,千葉県,2025-05-26,,,,,,,,0,,,
https://local-support.jp/jusuisou-seisou/fukuoka/,受水槽清掃,福岡県,2025-05-26,,,,,,,,0,,,
https://local-support.jp/jusuisou-seisou/hokkaido/,受水槽清掃,北海道,2025-05-26,,,,,,,,0,,,
https://local-support.jp/jusuisou-seisou/hyogo/,受水槽清掃,兵庫県,2025-05-26,,,,,,,,0,,,
https://local-support.jp/jusuisou-seisou/shizuoka/,受水槽清掃,静岡県,2025-05-26,,,,,,,,0,,,
https://local-support.jp/asbestos/,アスベスト,全国,2025-05-26,,,,,,,,0,,,
https://local-support.jp/asbestos/tokyo/,アスベスト,東京都,2025-05-26,,,,,,,,0,,,
https://local-support.jp/asbestos/osaka/,アスベスト,大阪府,2025-05-26,,,,,,,,0,,,
https://local-support.jp/asbestos/aichi/,アスベスト,愛知県,2025-05-26,,,,,,,,0,,,
https://local-support.jp/asbestos/kanagawa/,アスベスト,神奈川県,2025-05-26,,,,,,,,0,,,
https://local-support.jp/asbestos/saitama/,アスベスト,埼玉県,2025-05-26,,,,,,,,0,,,
https://local-support.jp/asbestos/chiba/,アスベスト,千葉県,2025-05-26,,,,,,,,0,,,
https://local-support.jp/asbestos/fukuoka/,アスベスト,福岡県,2025-05-26,,,,,,,,0,,,
https://local-support.jp/asbestos/hokkaido/,アスベスト,北海道,2025-05-26,,,,,,,,0,,,
https://local-support.jp/asbestos/hyogo/,アスベスト,兵庫県,2025-05-26,,,,,,,,0,,,
https://local-support.jp/asbestos/shizuoka/,アスベスト,静岡県,2025-05-26,,,,,,,,0,,,
https://local-support.jp/duct/,ダクト清掃,全国,2025-05-26,,,,,,,,0,,,
https://local-support.jp/duct/tokyo/,ダクト清掃,東京都,2025-05-26,,,,,,,,0,,,
https://local-support.jp/duct/osaka/,ダクト清掃,大阪府,2025-05-26,,,,,,,,0,,,
https://local-support.jp/duct/aichi/,ダクト清掃,愛知県,2025-05-26,,,,,,,,0,,,
https://local-support.jp/duct/kanagawa/,ダクト清掃,神奈川県,2025-05-26,,,,,,,,0,,,
https://local-support.jp/duct/saitama/,ダクト清掃,埼玉県,2025-05-26,,,,,,,,0,,,
https://local-support.jp/duct/chiba/,ダクト清掃,千葉県,2025-05-26,,,,,,,,0,,,
https://local-support.jp/duct/fukuoka/,ダクト清掃,福岡県,2025-05-26,,,,,,,,0,,,
https://local-support.jp/duct/hokkaido/,ダクト清掃,北海道,2025-05-26,,,,,,,,0,,,
https://local-support.jp/duct/hyogo/,ダクト清掃,兵庫県,2025-05-26,,,,,,,,0,,,
https://local-support.jp/duct/shizuoka/,ダクト清掃,静岡県,2025-05-26,,,,,,,,0,,,
https://local-support.jp/shutter/,シャッター,全国,2025-05-26,,,,,,,,0,,,
https://local-support.jp/shutter/tokyo/,シャッター,東京都,2025-05-26,,,,,,,,0,,,
https://local-support.jp/shutter/osaka/,シャッター,大阪府,2025-05-26,,,,,,,,0,,,
https://local-support.jp/shutter/aichi/,シャッター,愛知県,2025-05-26,,,,,,,,0,,,
https://local-support.jp/shutter/kanagawa/,シャッター,神奈川県,2025-05-26,,,,,,,,0,,,
https://local-support.jp/shutter/saitama/,シャッター,埼玉県,2025-05-26,,,,,,,,0,,,
https://local-support.jp/shutter/chiba/,シャッター,千葉県,2025-05-26,,,,,,,,0,,,
https://local-support.jp/shutter/fukuoka/,シャッター,福岡県,2025-05-26,,,,,,,,0,,,
https://local-support.jp/shutter/hokkaido/,シャッター,北海道,2025-05-26,,,,,,,,0,,,
https://local-support.jp/shutter/hyogo/,シャッター,兵庫県,2025-05-26,,,,,,,,0,,,
https://local-support.jp/shutter/shizuoka/,シャッター,静岡県,2025-05-26,,,,,,,,0,,,
https://local-support.jp/flow/,共通,-,2025-05-26,,,,,,,,0,,,
https://local-support.jp/column/,共通,-,2025-05-26,,,,,,,,0,,,
https://local-support.jp/column/jusuisou-seisou-hiyo-sohba/,受水槽清掃,-,2025-05-26,,,,,,,,0,,,
https://local-support.jp/column/jusuisou-seisou-horei-gimu/,受水槽清掃,-,2025-05-26,,,,,,,,0,,,
https://local-support.jp/operator/,共通,-,2025-05-26,,,,,,,,0,,,
https://local-support.jp/privacy/,共通,-,2025-05-26,,,,,,,,0,,,
https://local-support.jp/disclosure/,共通,-,2025-05-26,,,,,,,,0,,,
