"サービス","想定エリア","法人名","優先度","適合根拠","公式URL","窓口メール","電話番号","打診方法","即時打診可否","既存打診状況","送信前確認","根拠"
"害虫駆除(PCO)","大阪市西区・福岡県（過去案件）","株式会社GateHorse","S","飲食店特化・HACCP記録・24時間対応","https://gatehorse.com/pest-control","gatehorse0302@icloud.com","","メール","可","既存打診履歴あり：回答待ち","紹介可否・案件対応可否のみを確認。依頼者情報は紹介承諾後に共有。","公式サイト・公的登録名簿"
"害虫駆除(PCO)","大阪市西区・福岡県（過去案件）","太洋化工株式会社","S","大阪の法人施設向けIPM・年間管理","https://www.taiyo-kako.co.jp/contents/category/service/","info@taiyo-kako.co.jp","","メール","可","既存打診履歴あり：回答待ち","紹介可否・案件対応可否のみを確認。依頼者情報は紹介承諾後に共有。","公式サイト・公的登録名簿"
"害虫駆除(PCO)","大阪市西区・福岡県（過去案件）","有限会社大洋防疫研究所","S","大阪府登録・飲食店向け定期防除","https://taiyouboueki.co.jp/","info@taiyouboueki.co.jp","","メール","可","既存打診履歴あり：回答待ち","紹介可否・案件対応可否のみを確認。依頼者情報は紹介承諾後に共有。","公式サイト・公的登録名簿"
"害虫駆除(PCO)","大阪市西区・福岡県（過去案件）","合資会社ユニバース","A","店舗・施設の定期予防メンテナンス","https://gaicyukuzyo-universe.com/","info@gaicyukuzyo-universe.com","","メール","可","既存打診履歴あり：回答待ち","紹介可否・案件対応可否のみを確認。依頼者情報は紹介承諾後に共有。","公式サイト・公的登録名簿"
"害虫駆除(PCO)","大阪市西区・福岡県（過去案件）","株式会社テイクオフ","S","HACCPコーディネーターによる厨房衛生","https://www.takeoff9922.com/products/food-hygiene/","info@takeoff9922.com","","メール","可","既存打診履歴あり：回答待ち","紹介可否・案件対応可否のみを確認。依頼者情報は紹介承諾後に共有。","公式サイト・公的登録名簿"
"害虫駆除(PCO)","大阪市西区・福岡県（過去案件）","株式会社ソニックシステム","S","大阪の飲食店・HACCP対応年間管理","https://sonic-system.com/","info@sonic-system.jp","06-6476-3805","メール","可","既存打診履歴あり：不達","紹介可否・案件対応可否のみを確認。依頼者情報は紹介承諾後に共有。","公式サイト・公的登録名簿"
"害虫駆除(PCO)","大阪市西区・福岡県（過去案件）","株式会社ダストン","S","大阪の飲食店専門・定期防除","https://www.duston.jp/business/","info@duston.jp","06-6766-1233","メール","可","既存打診履歴あり：受付済(担当者返信待ち)","紹介可否・案件対応可否のみを確認。依頼者情報は紹介承諾後に共有。","公式サイト・公的登録名簿"
"害虫駆除(PCO)","大阪市西区・福岡県（過去案件）","株式会社コンフォートライフ","S","大阪市・閉店後の定期防除","https://comfortlife.biz/hygiene.html","","06-6572-5566","電話（メール/フォーム案内を取得）","可","既存打診履歴あり：回答待ち","紹介可否・案件対応可否のみを確認。依頼者情報は紹介承諾後に共有。","公式サイト・公的登録名簿"
"害虫駆除(PCO)","大阪市西区・福岡県（過去案件）","丸栄産業株式会社","S","飲食店・食品衛生・HACCP管理","https://maruei1961.com/content2.html","","","公式フォーム","可","既存打診履歴あり：回答待ち","紹介可否・案件対応可否のみを確認。依頼者情報は紹介承諾後に共有。","公式サイト・公的登録名簿"
"害虫駆除(PCO)","大阪市西区・福岡県（過去案件）","株式会社リメイク","S","大阪市中心部の飲食店定期衛生管理","https://www.remake1121.co.jp/hygiene/","","","公式フォーム","可","未打診","紹介可否・案件対応可否のみを確認。依頼者情報は紹介承諾後に共有。","公式サイト・公的登録名簿"
"害虫駆除(PCO)","大阪市西区・福岡県（過去案件）","株式会社アウルズ・ウインク","S","大阪市内・厨房衛生管理・防除業登録","https://duskin-nipponbashi.com/","","06-6647-6400","電話（メール/フォーム案内を取得）","可","未打診","紹介可否・案件対応可否のみを確認。依頼者情報は紹介承諾後に共有。","公式サイト・公的登録名簿"
"害虫駆除(PCO)","大阪市西区・福岡県（過去案件）","株式会社ジーピーコーポレーション","A","大阪営業所・HACCP対応","https://gpcorp.jp/","","","公式フォーム","可","既存打診履歴あり：回答待ち","紹介可否・案件対応可否のみを確認。依頼者情報は紹介承諾後に共有。","公式サイト・公的登録名簿"
"害虫駆除(PCO)","大阪市西区・福岡県（過去案件）","株式会社クレイブ","A","大阪の法人向け害虫防除","https://crave.bz/","info@crave.bz","","メール","可","既存打診履歴あり：回答待ち","紹介可否・案件対応可否のみを確認。依頼者情報は紹介承諾後に共有。","公式サイト・公的登録名簿"
"害虫駆除(PCO)","大阪市西区・福岡県（過去案件）","株式会社ティーソリューション","A","大阪の法人向け衛生管理","https://t-solution-inc.com/","info@t-solution-inc.com","","メール","可","既存打診履歴あり：回答待ち","紹介可否・案件対応可否のみを確認。依頼者情報は紹介承諾後に共有。","公式サイト・公的登録名簿"
"害虫駆除(PCO)","大阪市西区・福岡県（過去案件）","クリーンボーイ大阪株式会社","A","大阪の施設衛生・害虫防除","https://clean-boy.com/","info@clean-boy.com","","メール","可","既存打診履歴あり：回答待ち","紹介可否・案件対応可否のみを確認。依頼者情報は紹介承諾後に共有。","公式サイト・公的登録名簿"
"害虫駆除(PCO)","大阪市西区・福岡県（過去案件）","サクセス株式会社","A","大阪の店舗・施設向け防除","https://success-dk.com/","success-dk@yahoo.co.jp","","メール","可","既存打診履歴あり：回答待ち","紹介可否・案件対応可否のみを確認。依頼者情報は紹介承諾後に共有。","公式サイト・公的登録名簿"
"害虫駆除(PCO)","大阪市西区・福岡県（過去案件）","株式会社ベクトル","A","飲食店向け法人サービス・24時間対応","https://osaka-vektor.com/corporate","","","公式フォーム","可","既存打診履歴あり：送信保留","紹介可否・案件対応可否のみを確認。依頼者情報は紹介承諾後に共有。","公式サイト・公的登録名簿"
"害虫駆除(PCO)","大阪市西区・福岡県（過去案件）","株式会社トラスト","A","大阪市内の飲食店厨房防除","https://www.trust-pest.com/","","","公式フォーム","可","既存打診履歴あり：回答待ち","紹介可否・案件対応可否のみを確認。依頼者情報は紹介承諾後に共有。","公式サイト・公的登録名簿"
"害虫駆除(PCO)","大阪市西区・福岡県（過去案件）","株式会社ホームセイバー","A","法人・飲食店の害虫防除","https://homesaver.jp/","","","公式フォーム","可","既存打診履歴あり：回答待ち","紹介可否・案件対応可否のみを確認。依頼者情報は紹介承諾後に共有。","公式サイト・公的登録名簿"
"害虫駆除(PCO)","大阪市西区・福岡県（過去案件）","株式会社トリニティエンジニアリング","A","レストラン・厨房の定期防除","https://trinity-eng.co.jp/","","","公式フォーム","可","既存打診履歴あり：送信保留","紹介可否・案件対応可否のみを確認。依頼者情報は紹介承諾後に共有。","公式サイト・公的登録名簿"
"害虫駆除(PCO)","大阪市西区・福岡県（過去案件）","株式会社スマートサプライ","A","飲食店向けHACCP衛生管理","https://smart-supply.co.jp/","info@smart-pcz.com","","メール","可","既存打診履歴あり：回答待ち","紹介可否・案件対応可否のみを確認。依頼者情報は紹介承諾後に共有。","公式サイト・公的登録名簿"
"害虫駆除(PCO)","大阪市西区・福岡県（過去案件）","株式会社関西シー・アイ・シー","A","大阪府登録のねずみ昆虫等防除業","https://www.kansai-cic.co.jp/","","","公式フォーム","可","既存打診履歴あり：回答待ち","紹介可否・案件対応可否のみを確認。依頼者情報は紹介承諾後に共有。","公式サイト・公的登録名簿"
"害虫駆除(PCO)","大阪市西区・福岡県（過去案件）","株式会社ビー・アライブ","A","大阪府登録のねずみ昆虫等防除業","https://be-alive.co.jp/","info@cleaners.jp","","メール","可","既存打診履歴あり：回答待ち","紹介可否・案件対応可否のみを確認。依頼者情報は紹介承諾後に共有。","公式サイト・公的登録名簿"
"害虫駆除(PCO)","大阪市西区・福岡県（過去案件）","毎美エンジニアリング株式会社","A","大阪府登録のねずみ昆虫等防除業","https://www.mainichi-eng.co.jp/","","","公式フォーム","可","未打診","紹介可否・案件対応可否のみを確認。依頼者情報は紹介承諾後に共有。","公式サイト・公的登録名簿"
"害虫駆除(PCO)","大阪市西区・福岡県（過去案件）","株式会社ワールド環境","A","大阪府登録のねずみ昆虫等防除業","https://world-kankyo.co.jp/","","","公式フォーム","可","未打診","紹介可否・案件対応可否のみを確認。依頼者情報は紹介承諾後に共有。","公式サイト・公的登録名簿"
"害虫駆除(PCO)","大阪市西区・福岡県（過去案件）","アトラスサービス株式会社","A","大阪府登録のねずみ昆虫等防除業","https://atlas-service.co.jp/","","","公式フォーム","可","未打診","紹介可否・案件対応可否のみを確認。依頼者情報は紹介承諾後に共有。","公式サイト・公的登録名簿"
"害虫駆除(PCO)","大阪市西区・福岡県（過去案件）","株式会社ホープ","A","大阪府登録のねずみ昆虫等防除業","https://hope-pco.co.jp/","hopeosaka@mtj.biglobe.ne.jp","","メール","可","既存打診履歴あり：回答待ち","紹介可否・案件対応可否のみを確認。依頼者情報は紹介承諾後に共有。","公式サイト・公的登録名簿"
"害虫駆除(PCO)","大阪市西区・福岡県（過去案件）","株式会社むつみ商会","A","大阪府登録・見積対応","https://mutsumisyokai.com/","support@mutsumisyokai.com","","メール","可","既存打診履歴あり：回答待ち","紹介可否・案件対応可否のみを確認。依頼者情報は紹介承諾後に共有。","公式サイト・公的登録名簿"
"害虫駆除(PCO)","大阪市西区・福岡県（過去案件）","イカリ消毒株式会社","A","食品工場・飲食店の総合的有害生物管理","https://www.ikari.jp/","","","公式フォーム","可","未打診","紹介可否・案件対応可否のみを確認。依頼者情報は紹介承諾後に共有。","公式サイト・公的登録名簿"
"害虫駆除(PCO)","大阪市西区・福岡県（過去案件）","アース環境サービス株式会社","A","食品関連施設の衛生管理・防虫防そ","https://www.earth-kankyo.co.jp/","","","公式フォーム","可","未打診","紹介可否・案件対応可否のみを確認。依頼者情報は紹介承諾後に共有。","公式サイト・公的登録名簿"
"害虫駆除(PCO)","大阪市西区・福岡県（過去案件）","シェル商事株式会社","A","食品衛生・害虫防除の法人対応","https://www.shell-syoji.co.jp/","","","公式フォーム","可","未打診","紹介可否・案件対応可否のみを確認。依頼者情報は紹介承諾後に共有。","公式サイト・公的登録名簿"
"害虫駆除(PCO)","大阪市西区・福岡県（過去案件）","株式会社ダイキチ","A","HACCP監査・害虫駆除を含む衛生管理","https://daikichi.inc/haccp/","","","公式フォーム","可","未打診","紹介可否・案件対応可否のみを確認。依頼者情報は紹介承諾後に共有。","公式サイト・公的登録名簿"
"害虫駆除(PCO)","大阪市西区・福岡県（過去案件）","株式会社アペックス西日本","A","大阪拠点の衛生害虫対策","https://www.apex-sangyo.jp/","","","公式フォーム","可","未打診","紹介可否・案件対応可否のみを確認。依頼者情報は紹介承諾後に共有。","公式サイト・公的登録名簿"
"害虫駆除(PCO)","大阪市西区・福岡県（過去案件）","アスカ美装株式会社","B","近畿の建築物ねずみ昆虫等防除業","https://www.asukabiso.co.jp/","","","公式フォーム","可","未打診","紹介可否・案件対応可否のみを確認。依頼者情報は紹介承諾後に共有。","公式サイト・公的登録名簿"
"害虫駆除(PCO)","大阪市西区・福岡県（過去案件）","中部リースキン株式会社","B","業務用害虫駆除機の定期管理","https://chubu-leasekin.co.jp/","","","公式フォーム","可","未打診","紹介可否・案件対応可否のみを確認。依頼者情報は紹介承諾後に共有。","公式サイト・公的登録名簿"
"害虫駆除(PCO)","大阪市西区・福岡県（過去案件）","株式会社STM","B","大阪の飲食店向け業務用害虫管理","https://stm-corp.jp/with/","","","公式フォーム","可","未打診","紹介可否・案件対応可否のみを確認。依頼者情報は紹介承諾後に共有。","公式サイト・公的登録名簿"
"害虫駆除(PCO)","大阪市西区・福岡県（過去案件）","株式会社タムラテコ","B","飲食店の衛生管理設備・HACCP関連","https://www.teco.co.jp/","","","公式フォーム","可","未打診","紹介可否・案件対応可否のみを確認。依頼者情報は紹介承諾後に共有。","公式サイト・公的登録名簿"
"害虫駆除(PCO)","大阪市西区・福岡県（過去案件）","株式会社日本保健衛生協会","B","大阪府登録のねずみ昆虫等防除業","https://www.nhk-eisei.co.jp/","","","公式フォーム","可","未打診","紹介可否・案件対応可否のみを確認。依頼者情報は紹介承諾後に共有。","公式サイト・公的登録名簿"
"害虫駆除(PCO)","大阪市西区・福岡県（過去案件）","株式会社サニックス","B","法人施設の害虫・害獣対策","https://sanix.jp/","","","公式フォーム","可","既存打診履歴あり：不通","紹介可否・案件対応可否のみを確認。依頼者情報は紹介承諾後に共有。","公式サイト・公的登録名簿"
"害虫駆除(PCO)","大阪市西区・福岡県（過去案件）","株式会社新栄アリックス","B","業務用の害虫・衛生管理","https://www.shinei-alix.co.jp/","","","公式フォーム","可","既存打診履歴あり：不通","紹介可否・案件対応可否のみを確認。依頼者情報は紹介承諾後に共有。","公式サイト・公的登録名簿"
"害虫駆除(PCO)","大阪市西区・福岡県（過去案件）","防除サポート株式会社","B","業務用害虫防除","https://bojo-support.co.jp/","","","公式フォーム","可","既存打診履歴あり：未依頼","紹介可否・案件対応可否のみを確認。依頼者情報は紹介承諾後に共有。","公式サイト・公的登録名簿"
"害虫駆除(PCO)","大阪市西区・福岡県（過去案件）","株式会社いきもの研究社","B","法人施設向け害虫防除","https://ikimono-lab.co.jp/","","","公式フォーム","可","既存打診履歴あり：未依頼","紹介可否・案件対応可否のみを確認。依頼者情報は紹介承諾後に共有。","公式サイト・公的登録名簿"
"害虫駆除(PCO)","大阪市西区・福岡県（過去案件）","株式会社福岡EH","B","食品・施設向け害虫対策","https://fukuoka-eh.jp/","","","公式フォーム","可","既存打診履歴あり：未依頼","紹介可否・案件対応可否のみを確認。依頼者情報は紹介承諾後に共有。","公式サイト・公的登録名簿"
"害虫駆除(PCO)","大阪市西区・福岡県（過去案件）","環境衛生薬品株式会社","B","業務用害虫防除","https://kankyo-eisei.co.jp/","","","公式フォーム","可","既存打診履歴あり：不通","紹介可否・案件対応可否のみを確認。依頼者情報は紹介承諾後に共有。","公式サイト・公的登録名簿"
"害虫駆除(PCO)","大阪市西区・福岡県（過去案件）","株式会社日本エージェント","B","法人施設の防虫防そ","https://nihon-agent.co.jp/","","","公式フォーム","可","未打診","紹介可否・案件対応可否のみを確認。依頼者情報は紹介承諾後に共有。","公式サイト・公的登録名簿"
"害虫駆除(PCO)","大阪市西区・福岡県（過去案件）","日本防疫株式会社","B","食品・物流施設向けPCO","https://www.nihonboueki.co.jp/","","","公式フォーム","可","未打診","紹介可否・案件対応可否のみを確認。依頼者情報は紹介承諾後に共有。","公式サイト・公的登録名簿"
"害虫駆除(PCO)","大阪市西区・福岡県（過去案件）","東化研株式会社","B","衛生害虫防除・施設管理","https://tokaken.co.jp/","","","公式フォーム","可","既存打診履歴あり：不通","紹介可否・案件対応可否のみを確認。依頼者情報は紹介承諾後に共有。","公式サイト・公的登録名簿"
"害虫駆除(PCO)","大阪市西区・福岡県（過去案件）","株式会社トータルクリーン","B","定期防除・アフター対応","https://totalclean.co.jp/","","","公式フォーム","可","既存打診履歴あり：送信保留","紹介可否・案件対応可否のみを確認。依頼者情報は紹介承諾後に共有。","公式サイト・公的登録名簿"
"害虫駆除(PCO)","大阪市西区・福岡県（過去案件）","株式会社DAIJU","B","飲食店向け害虫駆除・防除業登録","https://www.life-remodel.com/company.html","","","公式フォーム","可","未打診","紹介可否・案件対応可否のみを確認。依頼者情報は紹介承諾後に共有。","公式サイト・公的登録名簿"
"害虫駆除(PCO)","大阪市西区・福岡県（過去案件）","株式会社ダスキン","B","ターミニックス法人向け衛生管理","https://www.duskin.jp/","","","公式フォーム","可","未打診","紹介可否・案件対応可否のみを確認。依頼者情報は紹介承諾後に共有。","公式サイト・公的登録名簿"
"受水槽清掃","神奈川県横浜市西区（過去案件）","有限会社正水社","S","横浜市登録・受水槽/高置水槽/ポンプ対応","https://sss.hariko.com/","ezb@s6.dion.ne.jp","045-542-2404","メール","可","未打診","紹介可否・案件対応可否のみを確認。依頼者情報は紹介承諾後に共有。","神奈川県 建築物飲料水貯水槽清掃業登録名簿・公式サイト"
"受水槽清掃","神奈川県横浜市西区（過去案件）","横浜ワコー株式会社","S","横浜・受水槽/高置水槽/ポンプ修繕","https://yokohamawako.co.jp/","info@yokohamawako.co.jp","","メール","可","未打診","紹介可否・案件対応可否のみを確認。依頼者情報は紹介承諾後に共有。","神奈川県 建築物飲料水貯水槽清掃業登録名簿・公式サイト"
"受水槽清掃","神奈川県横浜市西区（過去案件）","株式会社新設","S","横浜市・高置水槽・給水ポンプ取替","https://www.sinsetu.jp/","","","公式フォーム","可","既存打診履歴あり：回答待ち","紹介可否・案件対応可否のみを確認。依頼者情報は紹介承諾後に共有。","神奈川県 建築物飲料水貯水槽清掃業登録名簿・公式サイト"
"受水槽清掃","神奈川県横浜市西区（過去案件）","株式会社神栄興業","S","横浜・貯水槽/給排水設備改修","https://www.water-shinei.com/about_us.html","","","公式フォーム","可","未打診","紹介可否・案件対応可否のみを確認。依頼者情報は紹介承諾後に共有。","神奈川県 建築物飲料水貯水槽清掃業登録名簿・公式サイト"
"受水槽清掃","神奈川県横浜市西区（過去案件）","有限会社ジャパンクリーンサービス","A","横浜市・貯水槽清掃専門","https://www.japancleanservice.com/service.html","","","公式フォーム","可","未打診","紹介可否・案件対応可否のみを確認。依頼者情報は紹介承諾後に共有。","神奈川県 建築物飲料水貯水槽清掃業登録名簿・公式サイト"
"受水槽清掃","神奈川県横浜市西区（過去案件）","株式会社ダイイチ美装社","A","神奈川県貯水槽清掃業登録","https://daiichi-bisosha.co.jp/","","","公式フォーム","可","未打診","紹介可否・案件対応可否のみを確認。依頼者情報は紹介承諾後に共有。","神奈川県 建築物飲料水貯水槽清掃業登録名簿・公式サイト"
"受水槽清掃","神奈川県横浜市西区（過去案件）","アドバンスサービス株式会社","A","横浜市全域・高置水槽・修繕対応","https://www.advance1997.co.jp/","","","公式フォーム","可","未打診","紹介可否・案件対応可否のみを確認。依頼者情報は紹介承諾後に共有。","神奈川県 建築物飲料水貯水槽清掃業登録名簿・公式サイト"
"受水槽清掃","神奈川県横浜市西区（過去案件）","横浜管財株式会社","A","給排水設備・ポンプ配管対応","https://hamakan.jp/","","045-710-5710","電話（メール/フォーム案内を取得）","可","既存打診履歴あり：回答待ち","紹介可否・案件対応可否のみを確認。依頼者情報は紹介承諾後に共有。","神奈川県 建築物飲料水貯水槽清掃業登録名簿・公式サイト"
"受水槽清掃","神奈川県横浜市西区（過去案件）","横浜ビルシステム株式会社","A","ホテル等の施設管理実績","https://www.y-bs.co.jp/","","","公式フォーム","可","既存打診履歴あり：送信保留","紹介可否・案件対応可否のみを確認。依頼者情報は紹介承諾後に共有。","神奈川県 建築物飲料水貯水槽清掃業登録名簿・公式サイト"
"受水槽清掃","神奈川県横浜市西区（過去案件）","株式会社アクアサービス","A","貯水槽清掃・水質検査","https://aquaservice.jp/","","","公式フォーム","可","既存打診履歴あり：回答待ち","紹介可否・案件対応可否のみを確認。依頼者情報は紹介承諾後に共有。","神奈川県 建築物飲料水貯水槽清掃業登録名簿・公式サイト"
"受水槽清掃","神奈川県横浜市西区（過去案件）","株式会社アルス","A","横浜・貯水槽清掃/保守点検","https://arskk.com/","","","公式フォーム","可","既存打診履歴あり：紹介可(要見積り)","紹介可否・案件対応可否のみを確認。依頼者情報は紹介承諾後に共有。","神奈川県 建築物飲料水貯水槽清掃業登録名簿・公式サイト"
"受水槽清掃","神奈川県横浜市西区（過去案件）","株式会社アクア技研","A","貯水槽清掃","https://aqua-tr.jp/","","","公式フォーム","可","未打診","紹介可否・案件対応可否のみを確認。依頼者情報は紹介承諾後に共有。","神奈川県 建築物飲料水貯水槽清掃業登録名簿・公式サイト"
"受水槽清掃","神奈川県横浜市西区（過去案件）","TKKエンジニアリング株式会社","A","給排水工事・清掃","https://tkk-eng.co.jp/","","","公式フォーム","可","未打診","紹介可否・案件対応可否のみを確認。依頼者情報は紹介承諾後に共有。","神奈川県 建築物飲料水貯水槽清掃業登録名簿・公式サイト"
"受水槽清掃","神奈川県横浜市西区（過去案件）","株式会社ユアーズ","A","水質検査・貯水槽管理","https://yours-aqua.com/","","","公式フォーム","可","既存打診履歴あり：回答待ち","紹介可否・案件対応可否のみを確認。依頼者情報は紹介承諾後に共有。","神奈川県 建築物飲料水貯水槽清掃業登録名簿・公式サイト"
"受水槽清掃","神奈川県横浜市西区（過去案件）","あしがら環境保全株式会社","B","神奈川県貯水槽清掃業登録","","","0465-74-0056","電話（メール/フォーム案内を取得）","可","未打診","紹介可否・案件対応可否のみを確認。依頼者情報は紹介承諾後に共有。","神奈川県 建築物飲料水貯水槽清掃業登録名簿・公式サイト"
"受水槽清掃","神奈川県横浜市西区（過去案件）","株式会社美装フジモト","B","神奈川県貯水槽清掃業登録","","","0465-36-2684","電話（メール/フォーム案内を取得）","可","未打診","紹介可否・案件対応可否のみを確認。依頼者情報は紹介承諾後に共有。","神奈川県 建築物飲料水貯水槽清掃業登録名簿・公式サイト"
"受水槽清掃","神奈川県横浜市西区（過去案件）","株式会社湘南サービスセンター","B","神奈川県貯水槽清掃業登録","","","0465-24-9171","電話（メール/フォーム案内を取得）","可","未打診","紹介可否・案件対応可否のみを確認。依頼者情報は紹介承諾後に共有。","神奈川県 建築物飲料水貯水槽清掃業登録名簿・公式サイト"
"受水槽清掃","神奈川県横浜市西区（過去案件）","マルコービルワーク株式会社","B","神奈川県貯水槽清掃業登録","","","0466-25-7618","電話（メール/フォーム案内を取得）","可","未打診","紹介可否・案件対応可否のみを確認。依頼者情報は紹介承諾後に共有。","神奈川県 建築物飲料水貯水槽清掃業登録名簿・公式サイト"
"受水槽清掃","神奈川県横浜市西区（過去案件）","株式会社サンエーサンクス","B","神奈川県貯水槽清掃業登録","","","0467-75-2111","電話（メール/フォーム案内を取得）","可","未打診","紹介可否・案件対応可否のみを確認。依頼者情報は紹介承諾後に共有。","神奈川県 建築物飲料水貯水槽清掃業登録名簿・公式サイト"
"受水槽清掃","神奈川県横浜市西区（過去案件）","有限会社豊商事","B","神奈川県貯水槽清掃業登録","","","046-248-1653","電話（メール/フォーム案内を取得）","可","未打診","紹介可否・案件対応可否のみを確認。依頼者情報は紹介承諾後に共有。","神奈川県 建築物飲料水貯水槽清掃業登録名簿・公式サイト"
"受水槽清掃","神奈川県横浜市西区（過去案件）","株式会社オービーエム管財","B","神奈川県貯水槽清掃業登録","","","0465-23-4038","電話（メール/フォーム案内を取得）","可","未打診","紹介可否・案件対応可否のみを確認。依頼者情報は紹介承諾後に共有。","神奈川県 建築物飲料水貯水槽清掃業登録名簿・公式サイト"
"受水槽清掃","神奈川県横浜市西区（過去案件）","株式会社北青サービス","B","神奈川県貯水槽清掃業登録","","","0463-32-8491","電話（メール/フォーム案内を取得）","可","未打診","紹介可否・案件対応可否のみを確認。依頼者情報は紹介承諾後に共有。","神奈川県 建築物飲料水貯水槽清掃業登録名簿・公式サイト"
"受水槽清掃","神奈川県横浜市西区（過去案件）","株式会社伊藤工務店","B","神奈川県貯水槽清掃業登録","","","0465-63-1757","電話（メール/フォーム案内を取得）","可","未打診","紹介可否・案件対応可否のみを確認。依頼者情報は紹介承諾後に共有。","神奈川県 建築物飲料水貯水槽清掃業登録名簿・公式サイト"
"受水槽清掃","神奈川県横浜市西区（過去案件）","有限会社神奈川クリーナー","B","神奈川県貯水槽清掃業登録","","","0463-50-1777","電話（メール/フォーム案内を取得）","可","未打診","紹介可否・案件対応可否のみを確認。依頼者情報は紹介承諾後に共有。","神奈川県 建築物飲料水貯水槽清掃業登録名簿・公式サイト"
"受水槽清掃","神奈川県横浜市西区（過去案件）","株式会社出雲水理管理センター","B","神奈川県貯水槽清掃業登録","","","0467-85-9141","電話（メール/フォーム案内を取得）","可","未打診","紹介可否・案件対応可否のみを確認。依頼者情報は紹介承諾後に共有。","神奈川県 建築物飲料水貯水槽清掃業登録名簿・公式サイト"
"受水槽清掃","神奈川県横浜市西区（過去案件）","株式会社サンエーヒラツカ","B","神奈川県貯水槽清掃業登録","","","0463-55-9666","電話（メール/フォーム案内を取得）","可","未打診","紹介可否・案件対応可否のみを確認。依頼者情報は紹介承諾後に共有。","神奈川県 建築物飲料水貯水槽清掃業登録名簿・公式サイト"
"受水槽清掃","神奈川県横浜市西区（過去案件）","株式会社設備研究センター","B","神奈川県貯水槽清掃業登録","","","0463-83-1521","電話（メール/フォーム案内を取得）","可","未打診","紹介可否・案件対応可否のみを確認。依頼者情報は紹介承諾後に共有。","神奈川県 建築物飲料水貯水槽清掃業登録名簿・公式サイト"
"受水槽清掃","神奈川県横浜市西区（過去案件）","株式会社新日本工業","B","神奈川県貯水槽清掃業登録","","","046-241-1128","電話（メール/フォーム案内を取得）","可","未打診","紹介可否・案件対応可否のみを確認。依頼者情報は紹介承諾後に共有。","神奈川県 建築物飲料水貯水槽清掃業登録名簿・公式サイト"
"受水槽清掃","神奈川県横浜市西区（過去案件）","株式会社金沢商会","B","神奈川県貯水槽清掃業登録","","","0467-22-1070","電話（メール/フォーム案内を取得）","可","未打診","紹介可否・案件対応可否のみを確認。依頼者情報は紹介承諾後に共有。","神奈川県 建築物飲料水貯水槽清掃業登録名簿・公式サイト"
"受水槽清掃","神奈川県横浜市西区（過去案件）","株式会社神中運輸","B","神奈川県貯水槽清掃業登録","","","0467-22-2205","電話（メール/フォーム案内を取得）","可","未打診","紹介可否・案件対応可否のみを確認。依頼者情報は紹介承諾後に共有。","神奈川県 建築物飲料水貯水槽清掃業登録名簿・公式サイト"
"受水槽清掃","神奈川県横浜市西区（過去案件）","株式会社東海ビルメンテナス","B","神奈川県貯水槽清掃業登録","","","0465-23-4116","電話（メール/フォーム案内を取得）","可","未打診","紹介可否・案件対応可否のみを確認。依頼者情報は紹介承諾後に共有。","神奈川県 建築物飲料水貯水槽清掃業登録名簿・公式サイト"
"受水槽清掃","神奈川県横浜市西区（過去案件）","有限会社島崎設備工業","B","神奈川県貯水槽清掃業登録","","","046-888-0441","電話（メール/フォーム案内を取得）","可","未打診","紹介可否・案件対応可否のみを確認。依頼者情報は紹介承諾後に共有。","神奈川県 建築物飲料水貯水槽清掃業登録名簿・公式サイト"
"受水槽清掃","神奈川県横浜市西区（過去案件）","丸和産業株式会社","B","神奈川県貯水槽清掃業登録","","","046-865-3780","電話（メール/フォーム案内を取得）","可","未打診","紹介可否・案件対応可否のみを確認。依頼者情報は紹介承諾後に共有。","神奈川県 建築物飲料水貯水槽清掃業登録名簿・公式サイト"
"受水槽清掃","神奈川県横浜市西区（過去案件）","株式会社丹野設備工業所","B","神奈川県貯水槽清掃業登録","","","0463-93-0662","電話（メール/フォーム案内を取得）","可","未打診","紹介可否・案件対応可否のみを確認。依頼者情報は紹介承諾後に共有。","神奈川県 建築物飲料水貯水槽清掃業登録名簿・公式サイト"
"受水槽清掃","神奈川県横浜市西区（過去案件）","株式会社不二テクノ","B","神奈川県貯水槽清掃業登録","","","046-820-2400","電話（メール/フォーム案内を取得）","可","未打診","紹介可否・案件対応可否のみを確認。依頼者情報は紹介承諾後に共有。","神奈川県 建築物飲料水貯水槽清掃業登録名簿・公式サイト"
"受水槽清掃","神奈川県横浜市西区（過去案件）","株式会社湘南美装","B","神奈川県貯水槽清掃業登録","","","0463-22-1494","電話（メール/フォーム案内を取得）","可","未打診","紹介可否・案件対応可否のみを確認。依頼者情報は紹介承諾後に共有。","神奈川県 建築物飲料水貯水槽清掃業登録名簿・公式サイト"
"受水槽清掃","神奈川県横浜市西区（過去案件）","高橋産業株式会社","B","神奈川県貯水槽清掃業登録","","","0463-23-3691","電話（メール/フォーム案内を取得）","可","未打診","紹介可否・案件対応可否のみを確認。依頼者情報は紹介承諾後に共有。","神奈川県 建築物飲料水貯水槽清掃業登録名簿・公式サイト"
"受水槽清掃","神奈川県横浜市西区（過去案件）","株式会社浄化槽管理センター","B","神奈川県貯水槽清掃業登録","","","0463-32-8853","電話（メール/フォーム案内を取得）","可","未打診","紹介可否・案件対応可否のみを確認。依頼者情報は紹介承諾後に共有。","神奈川県 建築物飲料水貯水槽清掃業登録名簿・公式サイト"
"受水槽清掃","神奈川県横浜市西区（過去案件）","扶桑工業株式会社","B","神奈川県貯水槽清掃業登録","","","0463-32-3200","電話（メール/フォーム案内を取得）","可","未打診","紹介可否・案件対応可否のみを確認。依頼者情報は紹介承諾後に共有。","神奈川県 建築物飲料水貯水槽清掃業登録名簿・公式サイト"
"受水槽清掃","神奈川県横浜市西区（過去案件）","株式会社東幸","B","神奈川県貯水槽清掃業登録","","","0466-23-0325","電話（メール/フォーム案内を取得）","可","未打診","紹介可否・案件対応可否のみを確認。依頼者情報は紹介承諾後に共有。","神奈川県 建築物飲料水貯水槽清掃業登録名簿・公式サイト"
"受水槽清掃","神奈川県横浜市西区（過去案件）","株式会社アサヒエンジニアリング","B","神奈川県貯水槽清掃業登録","","","0463-58-8989","電話（メール/フォーム案内を取得）","可","未打診","紹介可否・案件対応可否のみを確認。依頼者情報は紹介承諾後に共有。","神奈川県 建築物飲料水貯水槽清掃業登録名簿・公式サイト"
"受水槽清掃","神奈川県横浜市西区（過去案件）","株式会社ニッテク","B","神奈川県貯水槽清掃業登録","","","0465-36-1761","電話（メール/フォーム案内を取得）","可","未打診","紹介可否・案件対応可否のみを確認。依頼者情報は紹介承諾後に共有。","神奈川県 建築物飲料水貯水槽清掃業登録名簿・公式サイト"
"受水槽清掃","神奈川県横浜市西区（過去案件）","有限会社加藤設備","B","神奈川県貯水槽清掃業登録","","","0465-37-2361","電話（メール/フォーム案内を取得）","可","未打診","紹介可否・案件対応可否のみを確認。依頼者情報は紹介承諾後に共有。","神奈川県 建築物飲料水貯水槽清掃業登録名簿・公式サイト"
"受水槽清掃","神奈川県横浜市西区（過去案件）","フロンティア１株式会社","B","神奈川県貯水槽清掃業登録","","","0465-35-2038","電話（メール/フォーム案内を取得）","可","未打診","紹介可否・案件対応可否のみを確認。依頼者情報は紹介承諾後に共有。","神奈川県 建築物飲料水貯水槽清掃業登録名簿・公式サイト"
"受水槽清掃","神奈川県横浜市西区（過去案件）","相和設備工業株式会社","B","神奈川県貯水槽清掃業登録","","","0466-25-2252","電話（メール/フォーム案内を取得）","可","未打診","紹介可否・案件対応可否のみを確認。依頼者情報は紹介承諾後に共有。","神奈川県 建築物飲料水貯水槽清掃業登録名簿・公式サイト"
"受水槽清掃","神奈川県横浜市西区（過去案件）","株式会社朝日美装","B","神奈川県貯水槽清掃業登録","","","046-222-2555","電話（メール/フォーム案内を取得）","可","未打診","紹介可否・案件対応可否のみを確認。依頼者情報は紹介承諾後に共有。","神奈川県 建築物飲料水貯水槽清掃業登録名簿・公式サイト"
"受水槽清掃","神奈川県横浜市西区（過去案件）","株式会社郵生","B","神奈川県貯水槽清掃業登録","","","0463-33-3108","電話（メール/フォーム案内を取得）","可","未打診","紹介可否・案件対応可否のみを確認。依頼者情報は紹介承諾後に共有。","神奈川県 建築物飲料水貯水槽清掃業登録名簿・公式サイト"
"受水槽清掃","神奈川県横浜市西区（過去案件）","株式会社ソウマ","B","神奈川県貯水槽清掃業登録","","","0467-54-6414","電話（メール/フォーム案内を取得）","可","未打診","紹介可否・案件対応可否のみを確認。依頼者情報は紹介承諾後に共有。","神奈川県 建築物飲料水貯水槽清掃業登録名簿・公式サイト"
"受水槽清掃","神奈川県横浜市西区（過去案件）","株式会社ライフライン岩崎","B","神奈川県貯水槽清掃業登録","","","046-823-0943","電話（メール/フォーム案内を取得）","可","未打診","紹介可否・案件対応可否のみを確認。依頼者情報は紹介承諾後に共有。","神奈川県 建築物飲料水貯水槽清掃業登録名簿・公式サイト"
"受水槽清掃","神奈川県横浜市西区（過去案件）","株式会社湘南汚水研究所","B","神奈川県貯水槽清掃業登録","","","0467-86-3581","電話（メール/フォーム案内を取得）","可","未打診","紹介可否・案件対応可否のみを確認。依頼者情報は紹介承諾後に共有。","神奈川県 建築物飲料水貯水槽清掃業登録名簿・公式サイト"
"太陽光パネル清掃","兵庫県佐用町（過去案件）","竹内産業株式会社","S","太陽光発電所のO&M、パネル洗浄または除草・敷地管理に対応","","","","公式フォーム","要確認","未打診","紹介可否・案件対応可否のみを確認。依頼者情報は紹介承諾後に共有。","公式サービスページ・過去打診履歴"
"太陽光パネル清掃","兵庫県佐用町（過去案件）","株式会社ライン","S","太陽光発電所のO&M、パネル洗浄または除草・敷地管理に対応","https://line55.jp/kankyo/weeding/","","","公式フォーム","可","未打診","紹介可否・案件対応可否のみを確認。依頼者情報は紹介承諾後に共有。","公式サービスページ・過去打診履歴"
"太陽光パネル清掃","兵庫県佐用町（過去案件）","株式会社ライフメンテナンス","A","太陽光発電所のO&M、パネル洗浄または除草・敷地管理に対応","","","","公式フォーム","要確認","未打診","紹介可否・案件対応可否のみを確認。依頼者情報は紹介承諾後に共有。","公式サービスページ・過去打診履歴"
"太陽光パネル清掃","兵庫県佐用町（過去案件）","株式会社トータルメンテナンス","A","太陽光発電所のO&M、パネル洗浄または除草・敷地管理に対応","","info@t-maintenance.com","","メール","可","既存打診履歴あり：回答待ち","紹介可否・案件対応可否のみを確認。依頼者情報は紹介承諾後に共有。","公式サービスページ・過去打診履歴"
"太陽光パネル清掃","兵庫県佐用町（過去案件）","パワーエンジニアリング株式会社","A","太陽光発電所のO&M、パネル洗浄または除草・敷地管理に対応","","","","公式フォーム","要確認","既存打診履歴あり：見送り","紹介可否・案件対応可否のみを確認。依頼者情報は紹介承諾後に共有。","公式サービスページ・過去打診履歴"
"太陽光パネル清掃","兵庫県佐用町（過去案件）","丸瀬産業株式会社","S","太陽光発電所のO&M、パネル洗浄または除草・敷地管理に対応","https://maruse-i.com/service/","","","公式フォーム","可","既存打診履歴あり：送信保留","紹介可否・案件対応可否のみを確認。依頼者情報は紹介承諾後に共有。","公式サービスページ・過去打診履歴"
"太陽光パネル清掃","兵庫県佐用町（過去案件）","横田美装株式会社","A","太陽光発電所のO&M、パネル洗浄または除草・敷地管理に対応","","","","公式フォーム","要確認","既存打診履歴あり：送信保留","紹介可否・案件対応可否のみを確認。依頼者情報は紹介承諾後に共有。","公式サービスページ・過去打診履歴"
"太陽光パネル清掃","兵庫県佐用町（過去案件）","株式会社F.C.S","S","太陽光発電所のO&M、パネル洗浄または除草・敷地管理に対応","","","","公式フォーム","要確認","未打診","紹介可否・案件対応可否のみを確認。依頼者情報は紹介承諾後に共有。","公式サービスページ・過去打診履歴"
"太陽光パネル清掃","兵庫県佐用町（過去案件）","株式会社エス・ワイプランニング","S","太陽光発電所のO&M、パネル洗浄または除草・敷地管理に対応","","","","公式フォーム","要確認","未打診","紹介可否・案件対応可否のみを確認。依頼者情報は紹介承諾後に共有。","公式サービスページ・過去打診履歴"
"太陽光パネル清掃","兵庫県佐用町（過去案件）","株式会社エネルフト","A","太陽光発電所のO&M、パネル洗浄または除草・敷地管理に対応","","","","公式フォーム","要確認","未打診","紹介可否・案件対応可否のみを確認。依頼者情報は紹介承諾後に共有。","公式サービスページ・過去打診履歴"
"太陽光パネル清掃","兵庫県佐用町（過去案件）","株式会社イトデンエンジニアリング","S","太陽光発電所のO&M、パネル洗浄または除草・敷地管理に対応","","","","公式フォーム","要確認","未打診","紹介可否・案件対応可否のみを確認。依頼者情報は紹介承諾後に共有。","公式サービスページ・過去打診履歴"
"太陽光パネル清掃","兵庫県佐用町（過去案件）","株式会社LC-JAPAN","A","太陽光発電所のO&M、パネル洗浄または除草・敷地管理に対応","","","","公式フォーム","要確認","未打診","紹介可否・案件対応可否のみを確認。依頼者情報は紹介承諾後に共有。","公式サービスページ・過去打診履歴"
"太陽光パネル清掃","兵庫県佐用町（過去案件）","ニシリク株式会社","A","太陽光発電所のO&M、パネル洗浄または除草・敷地管理に対応","","","","公式フォーム","要確認","未打診","紹介可否・案件対応可否のみを確認。依頼者情報は紹介承諾後に共有。","公式サービスページ・過去打診履歴"
"太陽光パネル清掃","兵庫県佐用町（過去案件）","株式会社パワーガード","A","太陽光発電所のO&M、パネル洗浄または除草・敷地管理に対応","","","","公式フォーム","要確認","未打診","紹介可否・案件対応可否のみを確認。依頼者情報は紹介承諾後に共有。","公式サービスページ・過去打診履歴"
"太陽光パネル清掃","兵庫県佐用町（過去案件）","株式会社みつば電気","S","太陽光発電所のO&M、パネル洗浄または除草・敷地管理に対応","","","","公式フォーム","要確認","未打診","紹介可否・案件対応可否のみを確認。依頼者情報は紹介承諾後に共有。","公式サービスページ・過去打診履歴"
"太陽光パネル清掃","兵庫県佐用町（過去案件）","株式会社りょうしんメンテナンスサービス","A","太陽光発電所のO&M、パネル洗浄または除草・敷地管理に対応","","","","公式フォーム","要確認","未打診","紹介可否・案件対応可否のみを確認。依頼者情報は紹介承諾後に共有。","公式サービスページ・過去打診履歴"
"太陽光パネル清掃","兵庫県佐用町（過去案件）","ソーラーフロンティア株式会社","A","太陽光発電所のO&M、パネル洗浄または除草・敷地管理に対応","","","","公式フォーム","要確認","未打診","紹介可否・案件対応可否のみを確認。依頼者情報は紹介承諾後に共有。","公式サービスページ・過去打診履歴"
"太陽光パネル清掃","兵庫県佐用町（過去案件）","日本コンベヤ株式会社","A","太陽光発電所のO&M、パネル洗浄または除草・敷地管理に対応","https://www.conveyor.co.jp/business/solar.html","","","公式フォーム","可","未打診","紹介可否・案件対応可否のみを確認。依頼者情報は紹介承諾後に共有。","公式サービスページ・過去打診履歴"
"太陽光パネル清掃","兵庫県佐用町（過去案件）","株式会社PV Japan","A","太陽光発電所のO&M、パネル洗浄または除草・敷地管理に対応","","","","公式フォーム","要確認","未打診","紹介可否・案件対応可否のみを確認。依頼者情報は紹介承諾後に共有。","公式サービスページ・過去打診履歴"
"太陽光パネル清掃","兵庫県佐用町（過去案件）","株式会社NEOSTAR","A","太陽光発電所のO&M、パネル洗浄または除草・敷地管理に対応","","","","公式フォーム","要確認","未打診","紹介可否・案件対応可否のみを確認。依頼者情報は紹介承諾後に共有。","公式サービスページ・過去打診履歴"
"太陽光パネル清掃","兵庫県佐用町（過去案件）","株式会社イーロックホーム","A","太陽光発電所のO&M、パネル洗浄または除草・敷地管理に対応","","","","公式フォーム","要確認","未打診","紹介可否・案件対応可否のみを確認。依頼者情報は紹介承諾後に共有。","公式サービスページ・過去打診履歴"
"太陽光パネル清掃","兵庫県佐用町（過去案件）","南開工業株式会社","A","太陽光発電所のO&M、パネル洗浄または除草・敷地管理に対応","","","","公式フォーム","要確認","未打診","紹介可否・案件対応可否のみを確認。依頼者情報は紹介承諾後に共有。","公式サービスページ・過去打診履歴"
"太陽光パネル清掃","兵庫県佐用町（過去案件）","株式会社日建","A","太陽光発電所のO&M、パネル洗浄または除草・敷地管理に対応","https://www.nik-ken.jp/product/om","","","公式フォーム","可","未打診","紹介可否・案件対応可否のみを確認。依頼者情報は紹介承諾後に共有。","公式サービスページ・過去打診履歴"
"太陽光パネル清掃","兵庫県佐用町（過去案件）","京セラコミュニケーションシステム株式会社","A","太陽光発電所のO&M、パネル洗浄または除草・敷地管理に対応","","","","公式フォーム","要確認","未打診","紹介可否・案件対応可否のみを確認。依頼者情報は紹介承諾後に共有。","公式サービスページ・過去打診履歴"
"太陽光パネル清掃","兵庫県佐用町（過去案件）","株式会社エスコ","A","太陽光発電所のO&M、パネル洗浄または除草・敷地管理に対応","https://www.esco-co.jp/service/solarsystem/maintenance/","","","公式フォーム","可","未打診","紹介可否・案件対応可否のみを確認。依頼者情報は紹介承諾後に共有。","公式サービスページ・過去打診履歴"
"太陽光パネル清掃","兵庫県佐用町（過去案件）","GC POWER株式会社","A","太陽光発電所のO&M、パネル洗浄または除草・敷地管理に対応","","","","公式フォーム","要確認","未打診","紹介可否・案件対応可否のみを確認。依頼者情報は紹介承諾後に共有。","公式サービスページ・過去打診履歴"
"太陽光パネル清掃","兵庫県佐用町（過去案件）","株式会社Landclean","A","太陽光発電所のO&M、パネル洗浄または除草・敷地管理に対応","","","","公式フォーム","要確認","未打診","紹介可否・案件対応可否のみを確認。依頼者情報は紹介承諾後に共有。","公式サービスページ・過去打診履歴"
"太陽光パネル清掃","兵庫県佐用町（過去案件）","株式会社RISEUP","A","太陽光発電所のO&M、パネル洗浄または除草・敷地管理に対応","","","","公式フォーム","要確認","未打診","紹介可否・案件対応可否のみを確認。依頼者情報は紹介承諾後に共有。","公式サービスページ・過去打診履歴"
"太陽光パネル清掃","兵庫県佐用町（過去案件）","株式会社VICTORY","A","太陽光発電所のO&M、パネル洗浄または除草・敷地管理に対応","","","","公式フォーム","要確認","未打診","紹介可否・案件対応可否のみを確認。依頼者情報は紹介承諾後に共有。","公式サービスページ・過去打診履歴"
"太陽光パネル清掃","兵庫県佐用町（過去案件）","株式会社GreenWork","A","太陽光発電所のO&M、パネル洗浄または除草・敷地管理に対応","","","","公式フォーム","要確認","未打診","紹介可否・案件対応可否のみを確認。依頼者情報は紹介承諾後に共有。","公式サービスページ・過去打診履歴"
"太陽光パネル清掃","兵庫県佐用町（過去案件）","株式会社エネファス","A","太陽光発電所のO&M、パネル洗浄または除草・敷地管理に対応","","","","公式フォーム","要確認","未打診","紹介可否・案件対応可否のみを確認。依頼者情報は紹介承諾後に共有。","公式サービスページ・過去打診履歴"
"太陽光パネル清掃","兵庫県佐用町（過去案件）","株式会社ミライト・テクノロジーズ","A","太陽光発電所のO&M、パネル洗浄または除草・敷地管理に対応","","","","公式フォーム","要確認","未打診","紹介可否・案件対応可否のみを確認。依頼者情報は紹介承諾後に共有。","公式サービスページ・過去打診履歴"
"太陽光パネル清掃","兵庫県佐用町（過去案件）","テクノケア株式会社","A","太陽光発電所のO&M、パネル洗浄または除草・敷地管理に対応","","info@techno-care.jp","","メール","可","未打診","紹介可否・案件対応可否のみを確認。依頼者情報は紹介承諾後に共有。","公式サービスページ・過去打診履歴"
"太陽光パネル清掃","兵庫県佐用町（過去案件）","オリックス・リニューアブルエナジー・マネジメント株式会社","A","太陽光発電所のO&M、パネル洗浄または除草・敷地管理に対応","","","","公式フォーム","要確認","未打診","紹介可否・案件対応可否のみを確認。依頼者情報は紹介承諾後に共有。","公式サービスページ・過去打診履歴"
"太陽光パネル清掃","兵庫県佐用町（過去案件）","SUNTECH POWER JAPAN株式会社","A","太陽光発電所のO&M、パネル洗浄または除草・敷地管理に対応","","","","公式フォーム","要確認","未打診","紹介可否・案件対応可否のみを確認。依頼者情報は紹介承諾後に共有。","公式サービスページ・過去打診履歴"
"太陽光パネル清掃","兵庫県佐用町（過去案件）","株式会社ソーラーオム","A","太陽光発電所のO&M、パネル洗浄または除草・敷地管理に対応","","","","公式フォーム","要確認","未打診","紹介可否・案件対応可否のみを確認。依頼者情報は紹介承諾後に共有。","公式サービスページ・過去打診履歴"
"太陽光パネル清掃","兵庫県佐用町（過去案件）","竹内マネージメント株式会社","S","太陽光発電所のO&M、パネル洗浄または除草・敷地管理に対応","https://www.takeuchi-grp.co.jp/solar_om/low.html","solar-maintenance-hyogo@takeuchi-grp.co.jp","","メール","可","未打診","紹介可否・案件対応可否のみを確認。依頼者情報は紹介承諾後に共有。","公式サービスページ・過去打診履歴"
"太陽光パネル清掃","兵庫県佐用町（過去案件）","合同会社sumrise","A","太陽光発電所のO&M、パネル洗浄または除草・敷地管理に対応","https://sumrise-llc.co.jp/","","","公式フォーム","可","未打診","紹介可否・案件対応可否のみを確認。依頼者情報は紹介承諾後に共有。","公式サービスページ・過去打診履歴"
"太陽光パネル清掃","兵庫県佐用町（過去案件）","株式会社ＳＡＮコンサルティング","A","太陽光発電所のO&M、パネル洗浄または除草・敷地管理に対応","https://sansolar.wixsite.com/oandm","","","公式フォーム","可","未打診","紹介可否・案件対応可否のみを確認。依頼者情報は紹介承諾後に共有。","公式サービスページ・過去打診履歴"
"太陽光パネル清掃","兵庫県佐用町（過去案件）","BLUERAY株式会社","A","太陽光発電所のO&M、パネル洗浄または除草・敷地管理に対応","https://blueray.co.jp/nightsafe","","","公式フォーム","可","未打診","紹介可否・案件対応可否のみを確認。依頼者情報は紹介承諾後に共有。","公式サービスページ・過去打診履歴"
"太陽光パネル清掃","兵庫県佐用町（過去案件）","相和電気工業株式会社","S","太陽光発電所のO&M、パネル洗浄または除草・敷地管理に対応","https://aiwa-denki.co.jp/solar-maintenance/","","","公式フォーム","可","未打診","紹介可否・案件対応可否のみを確認。依頼者情報は紹介承諾後に共有。","公式サービスページ・過去打診履歴"
"太陽光パネル清掃","兵庫県佐用町（過去案件）","GCPホールディングス株式会社","A","太陽光発電所のO&M、パネル洗浄または除草・敷地管理に対応","https://www.gcp-hd.co.jp/maintenanceservices/","","","公式フォーム","可","未打診","紹介可否・案件対応可否のみを確認。依頼者情報は紹介承諾後に共有。","公式サービスページ・過去打診履歴"
"太陽光パネル清掃","兵庫県佐用町（過去案件）","綜合サービス株式会社","A","太陽光発電所のO&M、パネル洗浄または除草・敷地管理に対応","","","","公式フォーム","要確認","未打診","紹介可否・案件対応可否のみを確認。依頼者情報は紹介承諾後に共有。","公式サービスページ・過去打診履歴"
"太陽光パネル清掃","兵庫県佐用町（過去案件）","株式会社グリーンエナジー・ファシリティーズ","A","太陽光発電所のO&M、パネル洗浄または除草・敷地管理に対応","https://green-energy.co.jp/","","","公式フォーム","可","未打診","紹介可否・案件対応可否のみを確認。依頼者情報は紹介承諾後に共有。","公式サービスページ・過去打診履歴"
"太陽光パネル清掃","兵庫県佐用町（過去案件）","ダイナミックソーラ株式会社","A","太陽光発電所のO&M、パネル洗浄または除草・敷地管理に対応","https://dynamic-solar.co.jp/","","","公式フォーム","可","未打診","紹介可否・案件対応可否のみを確認。依頼者情報は紹介承諾後に共有。","公式サービスページ・過去打診履歴"
"太陽光パネル清掃","兵庫県佐用町（過去案件）","関西電機工業株式会社","A","太陽光発電所のO&M、パネル洗浄または除草・敷地管理に対応","","","","公式フォーム","要確認","未打診","紹介可否・案件対応可否のみを確認。依頼者情報は紹介承諾後に共有。","公式サービスページ・過去打診履歴"
"太陽光パネル清掃","兵庫県佐用町（過去案件）","株式会社ソーラーケア","A","太陽光発電所のO&M、パネル洗浄または除草・敷地管理に対応","","","","公式フォーム","要確認","未打診","紹介可否・案件対応可否のみを確認。依頼者情報は紹介承諾後に共有。","公式サービスページ・過去打診履歴"
"太陽光パネル清掃","兵庫県佐用町（過去案件）","株式会社エネテク","A","太陽光発電所のO&M、パネル洗浄または除草・敷地管理に対応","","","","公式フォーム","要確認","未打診","紹介可否・案件対応可否のみを確認。依頼者情報は紹介承諾後に共有。","公式サービスページ・過去打診履歴"
"太陽光パネル清掃","兵庫県佐用町（過去案件）","株式会社novis","A","太陽光発電所のO&M、パネル洗浄または除草・敷地管理に対応","","","","公式フォーム","要確認","未打診","紹介可否・案件対応可否のみを確認。依頼者情報は紹介承諾後に共有。","公式サービスページ・過去打診履歴"
"太陽光パネル清掃","兵庫県佐用町（過去案件）","株式会社グッドフェローズ","A","太陽光発電所のO&M、パネル洗浄または除草・敷地管理に対応","","","","公式フォーム","要確認","未打診","紹介可否・案件対応可否のみを確認。依頼者情報は紹介承諾後に共有。","公式サービスページ・過去打診履歴"
"自家用電気工作物点検(キュービクル)","東京都江戸川区（過去案件）","株式会社青木電気設計事務所","S","高圧受変電設備の月次・年次点検、保安管理業務外部委託に対応","","","","公式フォーム","要確認","未打診","紹介可否・案件対応可否のみを確認。依頼者情報は紹介承諾後に共有。","関東東北産業保安監督部 電気保安法人一覧・公式サイト"
"自家用電気工作物点検(キュービクル)","東京都江戸川区（過去案件）","株式会社TKテクノサービス","S","高圧受変電設備の月次・年次点検、保安管理業務外部委託に対応","","","","公式フォーム","要確認","未打診","紹介可否・案件対応可否のみを確認。依頼者情報は紹介承諾後に共有。","関東東北産業保安監督部 電気保安法人一覧・公式サイト"
"自家用電気工作物点検(キュービクル)","東京都江戸川区（過去案件）","NDK総合サービス株式会社","S","高圧受変電設備の月次・年次点検、保安管理業務外部委託に対応","","","","公式フォーム","要確認","未打診","紹介可否・案件対応可否のみを確認。依頼者情報は紹介承諾後に共有。","関東東北産業保安監督部 電気保安法人一覧・公式サイト"
"自家用電気工作物点検(キュービクル)","東京都江戸川区（過去案件）","株式会社東京電気検査協会","S","高圧受変電設備の月次・年次点検、保安管理業務外部委託に対応","","","","公式フォーム","要確認","未打診","紹介可否・案件対応可否のみを確認。依頼者情報は紹介承諾後に共有。","関東東北産業保安監督部 電気保安法人一覧・公式サイト"
"自家用電気工作物点検(キュービクル)","東京都江戸川区（過去案件）","太平ビルサービス株式会社","S","高圧受変電設備の月次・年次点検、保安管理業務外部委託に対応","","","","公式フォーム","要確認","既存打診履歴あり：回答待ち","紹介可否・案件対応可否のみを確認。依頼者情報は紹介承諾後に共有。","関東東北産業保安監督部 電気保安法人一覧・公式サイト"
"自家用電気工作物点検(キュービクル)","東京都江戸川区（過去案件）","株式会社エネサーブ神奈川","S","高圧受変電設備の月次・年次点検、保安管理業務外部委託に対応","","","","公式フォーム","要確認","既存打診履歴あり：送信保留","紹介可否・案件対応可否のみを確認。依頼者情報は紹介承諾後に共有。","関東東北産業保安監督部 電気保安法人一覧・公式サイト"
"自家用電気工作物点検(キュービクル)","東京都江戸川区（過去案件）","株式会社関東電気サービス","A","高圧受変電設備の月次・年次点検、保安管理業務外部委託に対応","","","","公式フォーム","要確認","未打診","紹介可否・案件対応可否のみを確認。依頼者情報は紹介承諾後に共有。","関東東北産業保安監督部 電気保安法人一覧・公式サイト"
"自家用電気工作物点検(キュービクル)","東京都江戸川区（過去案件）","株式会社エレックス極東","A","高圧受変電設備の月次・年次点検、保安管理業務外部委託に対応","","info@kyokuto.co.jp","","メール","可","既存打診履歴あり：回答待ち","紹介可否・案件対応可否のみを確認。依頼者情報は紹介承諾後に共有。","関東東北産業保安監督部 電気保安法人一覧・公式サイト"
"自家用電気工作物点検(キュービクル)","東京都江戸川区（過去案件）","株式会社八興","A","高圧受変電設備の月次・年次点検、保安管理業務外部委託に対応","","","","公式フォーム","要確認","未打診","紹介可否・案件対応可否のみを確認。依頼者情報は紹介承諾後に共有。","関東東北産業保安監督部 電気保安法人一覧・公式サイト"
"自家用電気工作物点検(キュービクル)","東京都江戸川区（過去案件）","武蔵野電気管理株式会社","S","高圧受変電設備の月次・年次点検、保安管理業務外部委託に対応","https://e-musashino.com/","","","公式フォーム","可","未打診","紹介可否・案件対応可否のみを確認。依頼者情報は紹介承諾後に共有。","関東東北産業保安監督部 電気保安法人一覧・公式サイト"
"自家用電気工作物点検(キュービクル)","東京都江戸川区（過去案件）","株式会社関東エフシーリーズ","A","高圧受変電設備の月次・年次点検、保安管理業務外部委託に対応","","","","公式フォーム","要確認","未打診","紹介可否・案件対応可否のみを確認。依頼者情報は紹介承諾後に共有。","関東東北産業保安監督部 電気保安法人一覧・公式サイト"
"自家用電気工作物点検(キュービクル)","東京都江戸川区（過去案件）","株式会社ビルセット","A","高圧受変電設備の月次・年次点検、保安管理業務外部委託に対応","","","","公式フォーム","要確認","未打診","紹介可否・案件対応可否のみを確認。依頼者情報は紹介承諾後に共有。","関東東北産業保安監督部 電気保安法人一覧・公式サイト"
"自家用電気工作物点検(キュービクル)","東京都江戸川区（過去案件）","株式会社千葉県電気保守協会","A","高圧受変電設備の月次・年次点検、保安管理業務外部委託に対応","","","","公式フォーム","要確認","未打診","紹介可否・案件対応可否のみを確認。依頼者情報は紹介承諾後に共有。","関東東北産業保安監督部 電気保安法人一覧・公式サイト"
"自家用電気工作物点検(キュービクル)","東京都江戸川区（過去案件）","有限会社ケーワイエンジニア","A","高圧受変電設備の月次・年次点検、保安管理業務外部委託に対応","","","","公式フォーム","要確認","未打診","紹介可否・案件対応可否のみを確認。依頼者情報は紹介承諾後に共有。","関東東北産業保安監督部 電気保安法人一覧・公式サイト"
"自家用電気工作物点検(キュービクル)","東京都江戸川区（過去案件）","有限会社エスティエス","A","高圧受変電設備の月次・年次点検、保安管理業務外部委託に対応","","","","公式フォーム","要確認","未打診","紹介可否・案件対応可否のみを確認。依頼者情報は紹介承諾後に共有。","関東東北産業保安監督部 電気保安法人一覧・公式サイト"
"自家用電気工作物点検(キュービクル)","東京都江戸川区（過去案件）","株式会社エス・イー・ティ","A","高圧受変電設備の月次・年次点検、保安管理業務外部委託に対応","","","","公式フォーム","要確認","未打診","紹介可否・案件対応可否のみを確認。依頼者情報は紹介承諾後に共有。","関東東北産業保安監督部 電気保安法人一覧・公式サイト"
"自家用電気工作物点検(キュービクル)","東京都江戸川区（過去案件）","株式会社メジャーシステム","A","高圧受変電設備の月次・年次点検、保安管理業務外部委託に対応","","","","公式フォーム","要確認","未打診","紹介可否・案件対応可否のみを確認。依頼者情報は紹介承諾後に共有。","関東東北産業保安監督部 電気保安法人一覧・公式サイト"
"自家用電気工作物点検(キュービクル)","東京都江戸川区（過去案件）","テクノ・デコール株式会社","A","高圧受変電設備の月次・年次点検、保安管理業務外部委託に対応","","","","公式フォーム","要確認","未打診","紹介可否・案件対応可否のみを確認。依頼者情報は紹介承諾後に共有。","関東東北産業保安監督部 電気保安法人一覧・公式サイト"
"自家用電気工作物点検(キュービクル)","東京都江戸川区（過去案件）","東洋ビルメンテナンス株式会社","A","高圧受変電設備の月次・年次点検、保安管理業務外部委託に対応","","","","公式フォーム","要確認","未打診","紹介可否・案件対応可否のみを確認。依頼者情報は紹介承諾後に共有。","関東東北産業保安監督部 電気保安法人一覧・公式サイト"
"自家用電気工作物点検(キュービクル)","東京都江戸川区（過去案件）","有限会社中村電気管理事務所","A","高圧受変電設備の月次・年次点検、保安管理業務外部委託に対応","","","","公式フォーム","要確認","未打診","紹介可否・案件対応可否のみを確認。依頼者情報は紹介承諾後に共有。","関東東北産業保安監督部 電気保安法人一覧・公式サイト"
"自家用電気工作物点検(キュービクル)","東京都江戸川区（過去案件）","株式会社オルテ","S","高圧受変電設備の月次・年次点検、保安管理業務外部委託に対応","https://www.orte.co.jp/cubicle","","","公式フォーム","可","既存打診履歴あり：送信保留","紹介可否・案件対応可否のみを確認。依頼者情報は紹介承諾後に共有。","関東東北産業保安監督部 電気保安法人一覧・公式サイト"
"自家用電気工作物点検(キュービクル)","東京都江戸川区（過去案件）","全電協株式会社","S","高圧受変電設備の月次・年次点検、保安管理業務外部委託に対応","https://www.zendenkyo.co.jp/","","","公式フォーム","可","既存打診履歴あり：送信確認中","紹介可否・案件対応可否のみを確認。依頼者情報は紹介承諾後に共有。","関東東北産業保安監督部 電気保安法人一覧・公式サイト"
"自家用電気工作物点検(キュービクル)","東京都江戸川区（過去案件）","株式会社エスコ","A","高圧受変電設備の月次・年次点検、保安管理業務外部委託に対応","https://www.esco-co.jp/service/cubicle/","","","公式フォーム","可","既存打診履歴あり：要資料","紹介可否・案件対応可否のみを確認。依頼者情報は紹介承諾後に共有。","関東東北産業保安監督部 電気保安法人一覧・公式サイト"
"自家用電気工作物点検(キュービクル)","東京都江戸川区（過去案件）","日本テクノ株式会社","S","高圧受変電設備の月次・年次点検、保安管理業務外部委託に対応","https://www.cubicle-hoan.jp/","","","公式フォーム","可","未打診","紹介可否・案件対応可否のみを確認。依頼者情報は紹介承諾後に共有。","関東東北産業保安監督部 電気保安法人一覧・公式サイト"
"自家用電気工作物点検(キュービクル)","東京都江戸川区（過去案件）","日本電機産業株式会社","A","高圧受変電設備の月次・年次点検、保安管理業務外部委託に対応","","tokyo2@q.email.ne.jp","","メール","可","既存打診履歴あり：回答待ち","紹介可否・案件対応可否のみを確認。依頼者情報は紹介承諾後に共有。","関東東北産業保安監督部 電気保安法人一覧・公式サイト"
"自家用電気工作物点検(キュービクル)","東京都江戸川区（過去案件）","株式会社キューピクル","S","高圧受変電設備の月次・年次点検、保安管理業務外部委託に対応","https://cupicle.co.jp/company/","","","公式フォーム","可","未打診","紹介可否・案件対応可否のみを確認。依頼者情報は紹介承諾後に共有。","関東東北産業保安監督部 電気保安法人一覧・公式サイト"
"自家用電気工作物点検(キュービクル)","東京都江戸川区（過去案件）","株式会社広宣社","A","高圧受変電設備の月次・年次点検、保安管理業務外部委託に対応","https://www.kosen-net.co.jp/service/emss/","","","公式フォーム","可","未打診","紹介可否・案件対応可否のみを確認。依頼者情報は紹介承諾後に共有。","関東東北産業保安監督部 電気保安法人一覧・公式サイト"
"自家用電気工作物点検(キュービクル)","東京都江戸川区（過去案件）","株式会社関東電気自主検査協会","A","高圧受変電設備の月次・年次点検、保安管理業務外部委託に対応","","","","公式フォーム","要確認","未打診","紹介可否・案件対応可否のみを確認。依頼者情報は紹介承諾後に共有。","関東東北産業保安監督部 電気保安法人一覧・公式サイト"
"自家用電気工作物点検(キュービクル)","東京都江戸川区（過去案件）","有限会社久川電気管理事務所","A","高圧受変電設備の月次・年次点検、保安管理業務外部委託に対応","","","","公式フォーム","要確認","未打診","紹介可否・案件対応可否のみを確認。依頼者情報は紹介承諾後に共有。","関東東北産業保安監督部 電気保安法人一覧・公式サイト"
"自家用電気工作物点検(キュービクル)","東京都江戸川区（過去案件）","有限会社山下電気設計事務所","A","高圧受変電設備の月次・年次点検、保安管理業務外部委託に対応","","","","公式フォーム","要確認","未打診","紹介可否・案件対応可否のみを確認。依頼者情報は紹介承諾後に共有。","関東東北産業保安監督部 電気保安法人一覧・公式サイト"
"自家用電気工作物点検(キュービクル)","東京都江戸川区（過去案件）","株式会社ハマ・メンテ","A","高圧受変電設備の月次・年次点検、保安管理業務外部委託に対応","","","","公式フォーム","要確認","未打診","紹介可否・案件対応可否のみを確認。依頼者情報は紹介承諾後に共有。","関東東北産業保安監督部 電気保安法人一覧・公式サイト"
"自家用電気工作物点検(キュービクル)","東京都江戸川区（過去案件）","株式会社アーステラ","A","高圧受変電設備の月次・年次点検、保安管理業務外部委託に対応","","","","公式フォーム","要確認","未打診","紹介可否・案件対応可否のみを確認。依頼者情報は紹介承諾後に共有。","関東東北産業保安監督部 電気保安法人一覧・公式サイト"
"自家用電気工作物点検(キュービクル)","東京都江戸川区（過去案件）","亨和テクニカル株式会社","A","高圧受変電設備の月次・年次点検、保安管理業務外部委託に対応","","","","公式フォーム","要確認","未打診","紹介可否・案件対応可否のみを確認。依頼者情報は紹介承諾後に共有。","関東東北産業保安監督部 電気保安法人一覧・公式サイト"
"自家用電気工作物点検(キュービクル)","東京都江戸川区（過去案件）","ライフレック株式会社","A","高圧受変電設備の月次・年次点検、保安管理業務外部委託に対応","","info@lifelec.co.jp","","メール","可","既存打診履歴あり：辞退","紹介可否・案件対応可否のみを確認。依頼者情報は紹介承諾後に共有。","関東東北産業保安監督部 電気保安法人一覧・公式サイト"
"自家用電気工作物点検(キュービクル)","東京都江戸川区（過去案件）","株式会社でんきかんりみらい","A","高圧受変電設備の月次・年次点検、保安管理業務外部委託に対応","","","","公式フォーム","要確認","既存打診履歴あり：回答待ち","紹介可否・案件対応可否のみを確認。依頼者情報は紹介承諾後に共有。","関東東北産業保安監督部 電気保安法人一覧・公式サイト"
"自家用電気工作物点検(キュービクル)","東京都江戸川区（過去案件）","エクスゲート株式会社","A","高圧受変電設備の月次・年次点検、保安管理業務外部委託に対応","","","","公式フォーム","要確認","未打診","紹介可否・案件対応可否のみを確認。依頼者情報は紹介承諾後に共有。","関東東北産業保安監督部 電気保安法人一覧・公式サイト"
"自家用電気工作物点検(キュービクル)","東京都江戸川区（過去案件）","レジル電気保安株式会社","A","高圧受変電設備の月次・年次点検、保安管理業務外部委託に対応","","","","公式フォーム","要確認","未打診","紹介可否・案件対応可否のみを確認。依頼者情報は紹介承諾後に共有。","関東東北産業保安監督部 電気保安法人一覧・公式サイト"
"自家用電気工作物点検(キュービクル)","東京都江戸川区（過去案件）","株式会社東京電気保安協会","A","高圧受変電設備の月次・年次点検、保安管理業務外部委託に対応","","","","公式フォーム","要確認","未打診","紹介可否・案件対応可否のみを確認。依頼者情報は紹介承諾後に共有。","関東東北産業保安監督部 電気保安法人一覧・公式サイト"
"自家用電気工作物点検(キュービクル)","東京都江戸川区（過去案件）","株式会社東京電気保安管理","A","高圧受変電設備の月次・年次点検、保安管理業務外部委託に対応","","","","公式フォーム","要確認","未打診","紹介可否・案件対応可否のみを確認。依頼者情報は紹介承諾後に共有。","関東東北産業保安監督部 電気保安法人一覧・公式サイト"
"自家用電気工作物点検(キュービクル)","東京都江戸川区（過去案件）","株式会社東日本電気保安サービス","A","高圧受変電設備の月次・年次点検、保安管理業務外部委託に対応","","","","公式フォーム","要確認","未打診","紹介可否・案件対応可否のみを確認。依頼者情報は紹介承諾後に共有。","関東東北産業保安監督部 電気保安法人一覧・公式サイト"
"自家用電気工作物点検(キュービクル)","東京都江戸川区（過去案件）","株式会社日本電気保安協会","A","高圧受変電設備の月次・年次点検、保安管理業務外部委託に対応","","","","公式フォーム","要確認","未打診","紹介可否・案件対応可否のみを確認。依頼者情報は紹介承諾後に共有。","関東東北産業保安監督部 電気保安法人一覧・公式サイト"
"自家用電気工作物点検(キュービクル)","東京都江戸川区（過去案件）","株式会社関東保安サービス","A","高圧受変電設備の月次・年次点検、保安管理業務外部委託に対応","","","","公式フォーム","要確認","未打診","紹介可否・案件対応可否のみを確認。依頼者情報は紹介承諾後に共有。","関東東北産業保安監督部 電気保安法人一覧・公式サイト"
"自家用電気工作物点検(キュービクル)","東京都江戸川区（過去案件）","株式会社電気保安管理センター","A","高圧受変電設備の月次・年次点検、保安管理業務外部委託に対応","","","","公式フォーム","要確認","未打診","紹介可否・案件対応可否のみを確認。依頼者情報は紹介承諾後に共有。","関東東北産業保安監督部 電気保安法人一覧・公式サイト"
"自家用電気工作物点検(キュービクル)","東京都江戸川区（過去案件）","株式会社電気保安協会","A","高圧受変電設備の月次・年次点検、保安管理業務外部委託に対応","","","","公式フォーム","要確認","未打診","紹介可否・案件対応可否のみを確認。依頼者情報は紹介承諾後に共有。","関東東北産業保安監督部 電気保安法人一覧・公式サイト"
"自家用電気工作物点検(キュービクル)","東京都江戸川区（過去案件）","株式会社高圧保安サービス","A","高圧受変電設備の月次・年次点検、保安管理業務外部委託に対応","","","","公式フォーム","要確認","未打診","紹介可否・案件対応可否のみを確認。依頼者情報は紹介承諾後に共有。","関東東北産業保安監督部 電気保安法人一覧・公式サイト"
"自家用電気工作物点検(キュービクル)","東京都江戸川区（過去案件）","株式会社ユニバーサル電気保安","A","高圧受変電設備の月次・年次点検、保安管理業務外部委託に対応","","","","公式フォーム","要確認","未打診","紹介可否・案件対応可否のみを確認。依頼者情報は紹介承諾後に共有。","関東東北産業保安監督部 電気保安法人一覧・公式サイト"
"自家用電気工作物点検(キュービクル)","東京都江戸川区（過去案件）","株式会社電力保安協会","A","高圧受変電設備の月次・年次点検、保安管理業務外部委託に対応","","","","公式フォーム","要確認","未打診","紹介可否・案件対応可否のみを確認。依頼者情報は紹介承諾後に共有。","関東東北産業保安監督部 電気保安法人一覧・公式サイト"
"自家用電気工作物点検(キュービクル)","東京都江戸川区（過去案件）","株式会社電気設備保全センター","A","高圧受変電設備の月次・年次点検、保安管理業務外部委託に対応","","","","公式フォーム","要確認","未打診","紹介可否・案件対応可否のみを確認。依頼者情報は紹介承諾後に共有。","関東東北産業保安監督部 電気保安法人一覧・公式サイト"
"自家用電気工作物点検(キュービクル)","東京都江戸川区（過去案件）","株式会社エネルギー保安センター","A","高圧受変電設備の月次・年次点検、保安管理業務外部委託に対応","","","","公式フォーム","要確認","未打診","紹介可否・案件対応可否のみを確認。依頼者情報は紹介承諾後に共有。","関東東北産業保安監督部 電気保安法人一覧・公式サイト"
"自家用電気工作物点検(キュービクル)","東京都江戸川区（過去案件）","株式会社東関東電気保安","A","高圧受変電設備の月次・年次点検、保安管理業務外部委託に対応","","","","公式フォーム","要確認","未打診","紹介可否・案件対応可否のみを確認。依頼者情報は紹介承諾後に共有。","関東東北産業保安監督部 電気保安法人一覧・公式サイト"
"フロン排出抑制法定期点検","愛知県北名古屋市（過去案件）","株式会社新空調","S","業務用空調・冷凍冷蔵設備の簡易/定期点検、記録作成または第一種フロン類充填回収に対応","","","","公式フォーム","要確認","既存打診履歴あり：送信保留","紹介可否・案件対応可否のみを確認。依頼者情報は紹介承諾後に共有。","愛知県第一種フロン類充填回収業者名簿・公式サービスページ"
"フロン排出抑制法定期点検","愛知県北名古屋市（過去案件）","株式会社浜設","S","業務用空調・冷凍冷蔵設備の簡易/定期点検、記録作成または第一種フロン類充填回収に対応","","","","公式フォーム","要確認","既存打診履歴あり：送信保留","紹介可否・案件対応可否のみを確認。依頼者情報は紹介承諾後に共有。","愛知県第一種フロン類充填回収業者名簿・公式サービスページ"
"フロン排出抑制法定期点検","愛知県北名古屋市（過去案件）","株式会社タカゼン","S","業務用空調・冷凍冷蔵設備の簡易/定期点検、記録作成または第一種フロン類充填回収に対応","","","","公式フォーム","要確認","既存打診履歴あり：送信保留","紹介可否・案件対応可否のみを確認。依頼者情報は紹介承諾後に共有。","愛知県第一種フロン類充填回収業者名簿・公式サービスページ"
"フロン排出抑制法定期点検","愛知県北名古屋市（過去案件）","東3冷凍機株式会社","S","業務用空調・冷凍冷蔵設備の簡易/定期点検、記録作成または第一種フロン類充填回収に対応","","customer@tousan.co.jp","","メール","可","既存打診履歴あり：回答待ち","紹介可否・案件対応可否のみを確認。依頼者情報は紹介承諾後に共有。","愛知県第一種フロン類充填回収業者名簿・公式サービスページ"
"フロン排出抑制法定期点検","愛知県北名古屋市（過去案件）","株式会社ミナミテクノ","A","業務用空調・冷凍冷蔵設備の簡易/定期点検、記録作成または第一種フロン類充填回収に対応","https://e-mtec.co.jp/business-repair","contact@e-mtec.co.jp","","メール","可","既存打診履歴あり：回答待ち","紹介可否・案件対応可否のみを確認。依頼者情報は紹介承諾後に共有。","愛知県第一種フロン類充填回収業者名簿・公式サービスページ"
"フロン排出抑制法定期点検","愛知県北名古屋市（過去案件）","株式会社トップエアサービス","S","業務用空調・冷凍冷蔵設備の簡易/定期点検、記録作成または第一種フロン類充填回収に対応","","info@topair-service.com","","メール","可","既存打診履歴あり：不達","紹介可否・案件対応可否のみを確認。依頼者情報は紹介承諾後に共有。","愛知県第一種フロン類充填回収業者名簿・公式サービスページ"
"フロン排出抑制法定期点検","愛知県北名古屋市（過去案件）","日本ビルコン株式会社","A","業務用空調・冷凍冷蔵設備の簡易/定期点検、記録作成または第一種フロン類充填回収に対応","","","","公式フォーム","要確認","既存打診履歴あり：未依頼","紹介可否・案件対応可否のみを確認。依頼者情報は紹介承諾後に共有。","愛知県第一種フロン類充填回収業者名簿・公式サービスページ"
"フロン排出抑制法定期点検","愛知県北名古屋市（過去案件）","三菱重工サーマルシステムズ株式会社","A","業務用空調・冷凍冷蔵設備の簡易/定期点検、記録作成または第一種フロン類充填回収に対応","","","","公式フォーム","要確認","未打診","紹介可否・案件対応可否のみを確認。依頼者情報は紹介承諾後に共有。","愛知県第一種フロン類充填回収業者名簿・公式サービスページ"
"フロン排出抑制法定期点検","愛知県北名古屋市（過去案件）","株式会社エコ・プラン","A","業務用空調・冷凍冷蔵設備の簡易/定期点検、記録作成または第一種フロン類充填回収に対応","","info@ecology-plan.co.jp","","メール","可","既存打診履歴あり：回答待ち","紹介可否・案件対応可否のみを確認。依頼者情報は紹介承諾後に共有。","愛知県第一種フロン類充填回収業者名簿・公式サービスページ"
"フロン排出抑制法定期点検","愛知県北名古屋市（過去案件）","株式会社エコネスト","S","業務用空調・冷凍冷蔵設備の簡易/定期点検、記録作成または第一種フロン類充填回収に対応","https://www.econest.co.jp/","","","公式フォーム","可","既存打診履歴あり：回答待ち","紹介可否・案件対応可否のみを確認。依頼者情報は紹介承諾後に共有。","愛知県第一種フロン類充填回収業者名簿・公式サービスページ"
"フロン排出抑制法定期点検","愛知県北名古屋市（過去案件）","ワシズ機械株式会社","S","業務用空調・冷凍冷蔵設備の簡易/定期点検、記録作成または第一種フロン類充填回収に対応","https://www.e-washizu.co.jp/","","","公式フォーム","可","既存打診履歴あり：回答待ち","紹介可否・案件対応可否のみを確認。依頼者情報は紹介承諾後に共有。","愛知県第一種フロン類充填回収業者名簿・公式サービスページ"
"フロン排出抑制法定期点検","愛知県北名古屋市（過去案件）","ワンオール株式会社","A","業務用空調・冷凍冷蔵設備の簡易/定期点検、記録作成または第一種フロン類充填回収に対応","","","","公式フォーム","要確認","既存打診履歴あり：回答待ち","紹介可否・案件対応可否のみを確認。依頼者情報は紹介承諾後に共有。","愛知県第一種フロン類充填回収業者名簿・公式サービスページ"
"フロン排出抑制法定期点検","愛知県北名古屋市（過去案件）","中日株式会社","S","業務用空調・冷凍冷蔵設備の簡易/定期点検、記録作成または第一種フロン類充填回収に対応","","","","公式フォーム","要確認","未打診","紹介可否・案件対応可否のみを確認。依頼者情報は紹介承諾後に共有。","愛知県第一種フロン類充填回収業者名簿・公式サービスページ"
"フロン排出抑制法定期点検","愛知県北名古屋市（過去案件）","有限会社リョウテック","S","業務用空調・冷凍冷蔵設備の簡易/定期点検、記録作成または第一種フロン類充填回収に対応","https://www.ryoutech.com/service/inspection.html","","","公式フォーム","可","未打診","紹介可否・案件対応可否のみを確認。依頼者情報は紹介承諾後に共有。","愛知県第一種フロン類充填回収業者名簿・公式サービスページ"
"フロン排出抑制法定期点検","愛知県北名古屋市（過去案件）","株式会社アカツキ電装","S","業務用空調・冷凍冷蔵設備の簡易/定期点検、記録作成または第一種フロン類充填回収に対応","","","","公式フォーム","要確認","未打診","紹介可否・案件対応可否のみを確認。依頼者情報は紹介承諾後に共有。","愛知県第一種フロン類充填回収業者名簿・公式サービスページ"
"フロン排出抑制法定期点検","愛知県北名古屋市（過去案件）","株式会社星空調機器","A","業務用空調・冷凍冷蔵設備の簡易/定期点検、記録作成または第一種フロン類充填回収に対応","","","","公式フォーム","要確認","未打診","紹介可否・案件対応可否のみを確認。依頼者情報は紹介承諾後に共有。","愛知県第一種フロン類充填回収業者名簿・公式サービスページ"
"フロン排出抑制法定期点検","愛知県北名古屋市（過去案件）","三晃プラント株式会社","A","業務用空調・冷凍冷蔵設備の簡易/定期点検、記録作成または第一種フロン類充填回収に対応","","","","公式フォーム","要確認","未打診","紹介可否・案件対応可否のみを確認。依頼者情報は紹介承諾後に共有。","愛知県第一種フロン類充填回収業者名簿・公式サービスページ"
"フロン排出抑制法定期点検","愛知県北名古屋市（過去案件）","株式会社立松空調サービス","A","業務用空調・冷凍冷蔵設備の簡易/定期点検、記録作成または第一種フロン類充填回収に対応","","","","公式フォーム","要確認","未打診","紹介可否・案件対応可否のみを確認。依頼者情報は紹介承諾後に共有。","愛知県第一種フロン類充填回収業者名簿・公式サービスページ"
"フロン排出抑制法定期点検","愛知県北名古屋市（過去案件）","株式会社エアーフ","A","業務用空調・冷凍冷蔵設備の簡易/定期点検、記録作成または第一種フロン類充填回収に対応","","","","公式フォーム","要確認","未打診","紹介可否・案件対応可否のみを確認。依頼者情報は紹介承諾後に共有。","愛知県第一種フロン類充填回収業者名簿・公式サービスページ"
"フロン排出抑制法定期点検","愛知県北名古屋市（過去案件）","株式会社アール・エス・シー中部","A","業務用空調・冷凍冷蔵設備の簡易/定期点検、記録作成または第一種フロン類充填回収に対応","","","","公式フォーム","要確認","未打診","紹介可否・案件対応可否のみを確認。依頼者情報は紹介承諾後に共有。","愛知県第一種フロン類充填回収業者名簿・公式サービスページ"
"フロン排出抑制法定期点検","愛知県北名古屋市（過去案件）","株式会社L&E","A","業務用空調・冷凍冷蔵設備の簡易/定期点検、記録作成または第一種フロン類充填回収に対応","","","","公式フォーム","要確認","未打診","紹介可否・案件対応可否のみを確認。依頼者情報は紹介承諾後に共有。","愛知県第一種フロン類充填回収業者名簿・公式サービスページ"
"フロン排出抑制法定期点検","愛知県北名古屋市（過去案件）","株式会社エヌケーサービス","A","業務用空調・冷凍冷蔵設備の簡易/定期点検、記録作成または第一種フロン類充填回収に対応","","","","公式フォーム","要確認","未打診","紹介可否・案件対応可否のみを確認。依頼者情報は紹介承諾後に共有。","愛知県第一種フロン類充填回収業者名簿・公式サービスページ"
"フロン排出抑制法定期点検","愛知県北名古屋市（過去案件）","株式会社T-JACK","A","業務用空調・冷凍冷蔵設備の簡易/定期点検、記録作成または第一種フロン類充填回収に対応","","","","公式フォーム","要確認","未打診","紹介可否・案件対応可否のみを確認。依頼者情報は紹介承諾後に共有。","愛知県第一種フロン類充填回収業者名簿・公式サービスページ"
"フロン排出抑制法定期点検","愛知県北名古屋市（過去案件）","株式会社空調舎","A","業務用空調・冷凍冷蔵設備の簡易/定期点検、記録作成または第一種フロン類充填回収に対応","","","","公式フォーム","要確認","未打診","紹介可否・案件対応可否のみを確認。依頼者情報は紹介承諾後に共有。","愛知県第一種フロン類充填回収業者名簿・公式サービスページ"
"フロン排出抑制法定期点検","愛知県北名古屋市（過去案件）","シンク空調サービス株式会社","A","業務用空調・冷凍冷蔵設備の簡易/定期点検、記録作成または第一種フロン類充填回収に対応","","","","公式フォーム","要確認","未打診","紹介可否・案件対応可否のみを確認。依頼者情報は紹介承諾後に共有。","愛知県第一種フロン類充填回収業者名簿・公式サービスページ"
"フロン排出抑制法定期点検","愛知県北名古屋市（過去案件）","株式会社ナガタクウセツ","A","業務用空調・冷凍冷蔵設備の簡易/定期点検、記録作成または第一種フロン類充填回収に対応","","","","公式フォーム","要確認","未打診","紹介可否・案件対応可否のみを確認。依頼者情報は紹介承諾後に共有。","愛知県第一種フロン類充填回収業者名簿・公式サービスページ"
"フロン排出抑制法定期点検","愛知県北名古屋市（過去案件）","J-TEC株式会社","A","業務用空調・冷凍冷蔵設備の簡易/定期点検、記録作成または第一種フロン類充填回収に対応","","","","公式フォーム","要確認","未打診","紹介可否・案件対応可否のみを確認。依頼者情報は紹介承諾後に共有。","愛知県第一種フロン類充填回収業者名簿・公式サービスページ"
"フロン排出抑制法定期点検","愛知県北名古屋市（過去案件）","有限会社イマイ","A","業務用空調・冷凍冷蔵設備の簡易/定期点検、記録作成または第一種フロン類充填回収に対応","","","","公式フォーム","要確認","未打診","紹介可否・案件対応可否のみを確認。依頼者情報は紹介承諾後に共有。","愛知県第一種フロン類充填回収業者名簿・公式サービスページ"
"フロン排出抑制法定期点検","愛知県北名古屋市（過去案件）","大冷工業株式会社","A","業務用空調・冷凍冷蔵設備の簡易/定期点検、記録作成または第一種フロン類充填回収に対応","","","","公式フォーム","要確認","未打診","紹介可否・案件対応可否のみを確認。依頼者情報は紹介承諾後に共有。","愛知県第一種フロン類充填回収業者名簿・公式サービスページ"
"フロン排出抑制法定期点検","愛知県北名古屋市（過去案件）","株式会社尾張空調","A","業務用空調・冷凍冷蔵設備の簡易/定期点検、記録作成または第一種フロン類充填回収に対応","","","","公式フォーム","要確認","未打診","紹介可否・案件対応可否のみを確認。依頼者情報は紹介承諾後に共有。","愛知県第一種フロン類充填回収業者名簿・公式サービスページ"
"フロン排出抑制法定期点検","愛知県北名古屋市（過去案件）","エヌケーエス設備株式会社","A","業務用空調・冷凍冷蔵設備の簡易/定期点検、記録作成または第一種フロン類充填回収に対応","","","","公式フォーム","要確認","未打診","紹介可否・案件対応可否のみを確認。依頼者情報は紹介承諾後に共有。","愛知県第一種フロン類充填回収業者名簿・公式サービスページ"
"フロン排出抑制法定期点検","愛知県北名古屋市（過去案件）","有限会社愛知ビル管理","A","業務用空調・冷凍冷蔵設備の簡易/定期点検、記録作成または第一種フロン類充填回収に対応","","","","公式フォーム","要確認","未打診","紹介可否・案件対応可否のみを確認。依頼者情報は紹介承諾後に共有。","愛知県第一種フロン類充填回収業者名簿・公式サービスページ"
"フロン排出抑制法定期点検","愛知県北名古屋市（過去案件）","メイセイ株式会社","A","業務用空調・冷凍冷蔵設備の簡易/定期点検、記録作成または第一種フロン類充填回収に対応","https://meisei-s.co.jp/business_01.html","","","公式フォーム","可","未打診","紹介可否・案件対応可否のみを確認。依頼者情報は紹介承諾後に共有。","愛知県第一種フロン類充填回収業者名簿・公式サービスページ"
"フロン排出抑制法定期点検","愛知県北名古屋市（過去案件）","株式会社東海エアーシステム","S","業務用空調・冷凍冷蔵設備の簡易/定期点検、記録作成または第一種フロン類充填回収に対応","https://www.tokaiairsystem.com/","","","公式フォーム","可","未打診","紹介可否・案件対応可否のみを確認。依頼者情報は紹介承諾後に共有。","愛知県第一種フロン類充填回収業者名簿・公式サービスページ"
"フロン排出抑制法定期点検","愛知県北名古屋市（過去案件）","株式会社オオマキ","A","業務用空調・冷凍冷蔵設備の簡易/定期点検、記録作成または第一種フロン類充填回収に対応","https://www.omaki.jp/","","","公式フォーム","可","未打診","紹介可否・案件対応可否のみを確認。依頼者情報は紹介承諾後に共有。","愛知県第一種フロン類充填回収業者名簿・公式サービスページ"
"フロン排出抑制法定期点検","愛知県北名古屋市（過去案件）","株式会社本陣冷機工業","A","業務用空調・冷凍冷蔵設備の簡易/定期点検、記録作成または第一種フロン類充填回収に対応","https://honjinreiki171.com/information","","","公式フォーム","可","未打診","紹介可否・案件対応可否のみを確認。依頼者情報は紹介承諾後に共有。","愛知県第一種フロン類充填回収業者名簿・公式サービスページ"
"フロン排出抑制法定期点検","愛知県北名古屋市（過去案件）","株式会社レボテクノ","A","業務用空調・冷凍冷蔵設備の簡易/定期点検、記録作成または第一種フロン類充填回収に対応","https://revo-techno.com/","","","公式フォーム","可","未打診","紹介可否・案件対応可否のみを確認。依頼者情報は紹介承諾後に共有。","愛知県第一種フロン類充填回収業者名簿・公式サービスページ"
"フロン排出抑制法定期点検","愛知県北名古屋市（過去案件）","ホシザキ東海株式会社","A","業務用空調・冷凍冷蔵設備の簡易/定期点検、記録作成または第一種フロン類充填回収に対応","https://hoshizaki-tokai.co.jp/maintenance","","","公式フォーム","可","未打診","紹介可否・案件対応可否のみを確認。依頼者情報は紹介承諾後に共有。","愛知県第一種フロン類充填回収業者名簿・公式サービスページ"
"フロン排出抑制法定期点検","愛知県北名古屋市（過去案件）","ミカタ株式会社","A","業務用空調・冷凍冷蔵設備の簡易/定期点検、記録作成または第一種フロン類充填回収に対応","https://aircon-sc-tokai.com/company/","","","公式フォーム","可","未打診","紹介可否・案件対応可否のみを確認。依頼者情報は紹介承諾後に共有。","愛知県第一種フロン類充填回収業者名簿・公式サービスページ"
"フロン排出抑制法定期点検","愛知県北名古屋市（過去案件）","株式会社エミテック","A","業務用空調・冷凍冷蔵設備の簡易/定期点検、記録作成または第一種フロン類充填回収に対応","https://www.emitec-official.com/","","","公式フォーム","可","未打診","紹介可否・案件対応可否のみを確認。依頼者情報は紹介承諾後に共有。","愛知県第一種フロン類充填回収業者名簿・公式サービスページ"
"フロン排出抑制法定期点検","愛知県北名古屋市（過去案件）","株式会社東和総合サービス","A","業務用空調・冷凍冷蔵設備の簡易/定期点検、記録作成または第一種フロン類充填回収に対応","https://www.to-wa.info/service/aircon/inspection/","","","公式フォーム","可","未打診","紹介可否・案件対応可否のみを確認。依頼者情報は紹介承諾後に共有。","愛知県第一種フロン類充填回収業者名簿・公式サービスページ"
"フロン排出抑制法定期点検","愛知県北名古屋市（過去案件）","株式会社ダイキンHVACソリューション東海","A","業務用空調・冷凍冷蔵設備の簡易/定期点検、記録作成または第一種フロン類充填回収に対応","","","","公式フォーム","要確認","未打診","紹介可否・案件対応可否のみを確認。依頼者情報は紹介承諾後に共有。","愛知県第一種フロン類充填回収業者名簿・公式サービスページ"
"フロン排出抑制法定期点検","愛知県北名古屋市（過去案件）","パナソニック産機システムズ株式会社","A","業務用空調・冷凍冷蔵設備の簡易/定期点検、記録作成または第一種フロン類充填回収に対応","","","","公式フォーム","要確認","未打診","紹介可否・案件対応可否のみを確認。依頼者情報は紹介承諾後に共有。","愛知県第一種フロン類充填回収業者名簿・公式サービスページ"
"フロン排出抑制法定期点検","愛知県北名古屋市（過去案件）","三菱電機ビルソリューションズ株式会社","A","業務用空調・冷凍冷蔵設備の簡易/定期点検、記録作成または第一種フロン類充填回収に対応","","","","公式フォーム","要確認","未打診","紹介可否・案件対応可否のみを確認。依頼者情報は紹介承諾後に共有。","愛知県第一種フロン類充填回収業者名簿・公式サービスページ"
"フロン排出抑制法定期点検","愛知県北名古屋市（過去案件）","東芝キヤリア空調サービス株式会社","A","業務用空調・冷凍冷蔵設備の簡易/定期点検、記録作成または第一種フロン類充填回収に対応","","","","公式フォーム","要確認","未打診","紹介可否・案件対応可否のみを確認。依頼者情報は紹介承諾後に共有。","愛知県第一種フロン類充填回収業者名簿・公式サービスページ"
"フロン排出抑制法定期点検","愛知県北名古屋市（過去案件）","日立グローバルライフソリューションズ株式会社","A","業務用空調・冷凍冷蔵設備の簡易/定期点検、記録作成または第一種フロン類充填回収に対応","","","","公式フォーム","要確認","未打診","紹介可否・案件対応可否のみを確認。依頼者情報は紹介承諾後に共有。","愛知県第一種フロン類充填回収業者名簿・公式サービスページ"
"フロン排出抑制法定期点検","愛知県北名古屋市（過去案件）","株式会社日立ビルシステム","A","業務用空調・冷凍冷蔵設備の簡易/定期点検、記録作成または第一種フロン類充填回収に対応","","","","公式フォーム","要確認","未打診","紹介可否・案件対応可否のみを確認。依頼者情報は紹介承諾後に共有。","愛知県第一種フロン類充填回収業者名簿・公式サービスページ"
"フロン排出抑制法定期点検","愛知県北名古屋市（過去案件）","株式会社朝日機器エンジニアリング","A","業務用空調・冷凍冷蔵設備の簡易/定期点検、記録作成または第一種フロン類充填回収に対応","","","","公式フォーム","要確認","未打診","紹介可否・案件対応可否のみを確認。依頼者情報は紹介承諾後に共有。","愛知県第一種フロン類充填回収業者名簿・公式サービスページ"
"フロン排出抑制法定期点検","愛知県北名古屋市（過去案件）","株式会社日本空調サービス","A","業務用空調・冷凍冷蔵設備の簡易/定期点検、記録作成または第一種フロン類充填回収に対応","","","","公式フォーム","要確認","未打診","紹介可否・案件対応可否のみを確認。依頼者情報は紹介承諾後に共有。","愛知県第一種フロン類充填回収業者名簿・公式サービスページ"
"フロン排出抑制法定期点検","愛知県北名古屋市（過去案件）","株式会社太平エンジニアリング","A","業務用空調・冷凍冷蔵設備の簡易/定期点検、記録作成または第一種フロン類充填回収に対応","","","","公式フォーム","要確認","未打診","紹介可否・案件対応可否のみを確認。依頼者情報は紹介承諾後に共有。","愛知県第一種フロン類充填回収業者名簿・公式サービスページ"
"看板・屋外広告物点検","埼玉県川口市（過去案件）","サインエフェクト株式会社","S","屋外広告業登録または特例届出、有資格者による点検・報告書作成の候補","","web-toiawase@signeffect.co.jp","","メール","可","既存打診履歴あり：回答待ち","紹介可否・案件対応可否のみを確認。依頼者情報は紹介承諾後に共有。","埼玉県屋外広告業登録簿・公式サービスページ"
"看板・屋外広告物点検","埼玉県川口市（過去案件）","デザインスタジオ エクセル株式会社","S","屋外広告業登録または特例届出、有資格者による点検・報告書作成の候補","","","","公式フォーム","要確認","未打診","紹介可否・案件対応可否のみを確認。依頼者情報は紹介承諾後に共有。","埼玉県屋外広告業登録簿・公式サービスページ"
"看板・屋外広告物点検","埼玉県川口市（過去案件）","CUVIC株式会社","S","屋外広告業登録または特例届出、有資格者による点検・報告書作成の候補","","","","公式フォーム","要確認","未打診","紹介可否・案件対応可否のみを確認。依頼者情報は紹介承諾後に共有。","埼玉県屋外広告業登録簿・公式サービスページ"
"看板・屋外広告物点検","埼玉県川口市（過去案件）","株式会社万兵衛","S","屋外広告業登録または特例届出、有資格者による点検・報告書作成の候補","https://chikamaru.com/inspection/","","","公式フォーム","可","既存打診履歴あり：回答待ち","紹介可否・案件対応可否のみを確認。依頼者情報は紹介承諾後に共有。","埼玉県屋外広告業登録簿・公式サービスページ"
"看板・屋外広告物点検","埼玉県川口市（過去案件）","株式会社匠栄房","S","屋外広告業登録または特例届出、有資格者による点検・報告書作成の候補","","","","公式フォーム","要確認","既存打診履歴あり：送信保留","紹介可否・案件対応可否のみを確認。依頼者情報は紹介承諾後に共有。","埼玉県屋外広告業登録簿・公式サービスページ"
"看板・屋外広告物点検","埼玉県川口市（過去案件）","株式会社ラフ","S","屋外広告業登録または特例届出、有資格者による点検・報告書作成の候補","","","","公式フォーム","要確認","未打診","紹介可否・案件対応可否のみを確認。依頼者情報は紹介承諾後に共有。","埼玉県屋外広告業登録簿・公式サービスページ"
"看板・屋外広告物点検","埼玉県川口市（過去案件）","株式会社富士アド","S","屋外広告業登録または特例届出、有資格者による点検・報告書作成の候補","","","","公式フォーム","要確認","未打診","紹介可否・案件対応可否のみを確認。依頼者情報は紹介承諾後に共有。","埼玉県屋外広告業登録簿・公式サービスページ"
"看板・屋外広告物点検","埼玉県川口市（過去案件）","株式会社美園工芸社","A","屋外広告業登録または特例届出、有資格者による点検・報告書作成の候補","","","","公式フォーム","要確認","既存打診履歴あり：回答待ち","紹介可否・案件対応可否のみを確認。依頼者情報は紹介承諾後に共有。","埼玉県屋外広告業登録簿・公式サービスページ"
"看板・屋外広告物点検","埼玉県川口市（過去案件）","株式会社エーアイ・プラス","A","屋外広告業登録または特例届出、有資格者による点検・報告書作成の候補","https://ai-group.jp/","","","公式フォーム","可","未打診","紹介可否・案件対応可否のみを確認。依頼者情報は紹介承諾後に共有。","埼玉県屋外広告業登録簿・公式サービスページ"
"看板・屋外広告物点検","埼玉県川口市（過去案件）","アイショット株式会社","S","屋外広告業登録または特例届出、有資格者による点検・報告書作成の候補","https://www.eyeshot.co.jp/","","","公式フォーム","可","未打診","紹介可否・案件対応可否のみを確認。依頼者情報は紹介承諾後に共有。","埼玉県屋外広告業登録簿・公式サービスページ"
"看板・屋外広告物点検","埼玉県川口市（過去案件）","株式会社ジー・スタッフ","A","屋外広告業登録または特例届出、有資格者による点検・報告書作成の候補","","","","公式フォーム","要確認","未打診","紹介可否・案件対応可否のみを確認。依頼者情報は紹介承諾後に共有。","埼玉県屋外広告業登録簿・公式サービスページ"
"看板・屋外広告物点検","埼玉県川口市（過去案件）","株式会社たつみ","A","屋外広告業登録または特例届出、有資格者による点検・報告書作成の候補","","","","公式フォーム","要確認","未打診","紹介可否・案件対応可否のみを確認。依頼者情報は紹介承諾後に共有。","埼玉県屋外広告業登録簿・公式サービスページ"
"看板・屋外広告物点検","埼玉県川口市（過去案件）","有限会社三宝メンテナンス","A","屋外広告業登録または特例届出、有資格者による点検・報告書作成の候補","","","","公式フォーム","要確認","未打診","紹介可否・案件対応可否のみを確認。依頼者情報は紹介承諾後に共有。","埼玉県屋外広告業登録簿・公式サービスページ"
"看板・屋外広告物点検","埼玉県川口市（過去案件）","ひばり広告株式会社","A","屋外広告業登録または特例届出、有資格者による点検・報告書作成の候補","","hibari_sign@ktb.biglobe.ne.jp","","メール","可","既存打診履歴あり：回答待ち","紹介可否・案件対応可否のみを確認。依頼者情報は紹介承諾後に共有。","埼玉県屋外広告業登録簿・公式サービスページ"
"看板・屋外広告物点検","埼玉県川口市（過去案件）","株式会社日の出広美社","A","屋外広告業登録または特例届出、有資格者による点検・報告書作成の候補","","","","公式フォーム","要確認","未打診","紹介可否・案件対応可否のみを確認。依頼者情報は紹介承諾後に共有。","埼玉県屋外広告業登録簿・公式サービスページ"
"看板・屋外広告物点検","埼玉県川口市（過去案件）","株式会社ウイット・タカダ","A","屋外広告業登録または特例届出、有資格者による点検・報告書作成の候補","","","","公式フォーム","要確認","未打診","紹介可否・案件対応可否のみを確認。依頼者情報は紹介承諾後に共有。","埼玉県屋外広告業登録簿・公式サービスページ"
"看板・屋外広告物点検","埼玉県川口市（過去案件）","グローアップ株式会社","S","屋外広告業登録または特例届出、有資格者による点検・報告書作成の候補","","","","公式フォーム","要確認","未打診","紹介可否・案件対応可否のみを確認。依頼者情報は紹介承諾後に共有。","埼玉県屋外広告業登録簿・公式サービスページ"
"看板・屋外広告物点検","埼玉県川口市（過去案件）","三幸商洋株式会社","A","屋外広告業登録または特例届出、有資格者による点検・報告書作成の候補","","sankoh_sy@yahoo.co.jp","","メール","可","既存打診履歴あり：回答待ち","紹介可否・案件対応可否のみを確認。依頼者情報は紹介承諾後に共有。","埼玉県屋外広告業登録簿・公式サービスページ"
"看板・屋外広告物点検","埼玉県川口市（過去案件）","株式会社フィールド","A","屋外広告業登録または特例届出、有資格者による点検・報告書作成の候補","","","","公式フォーム","要確認","既存打診履歴あり：未依頼","紹介可否・案件対応可否のみを確認。依頼者情報は紹介承諾後に共有。","埼玉県屋外広告業登録簿・公式サービスページ"
"看板・屋外広告物点検","埼玉県川口市（過去案件）","株式会社関東ダイイチ","A","屋外広告業登録または特例届出、有資格者による点検・報告書作成の候補","","","","公式フォーム","要確認","未打診","紹介可否・案件対応可否のみを確認。依頼者情報は紹介承諾後に共有。","埼玉県屋外広告業登録簿・公式サービスページ"
"看板・屋外広告物点検","埼玉県川口市（過去案件）","RASTA東京株式会社","S","屋外広告業登録または特例届出、有資格者による点検・報告書作成の候補","https://www.rasta-japan.com/company/","tokyo@rasta-japan.com","","メール","可","未打診","紹介可否・案件対応可否のみを確認。依頼者情報は紹介承諾後に共有。","埼玉県屋外広告業登録簿・公式サービスページ"
"看板・屋外広告物点検","埼玉県川口市（過去案件）","有限会社山本美創","S","屋外広告業登録または特例届出、有資格者による点検・報告書作成の候補","https://y-kanban.jp/company/","y-bisou@circus.ocn.ne.jp","","メール","可","未打診","紹介可否・案件対応可否のみを確認。依頼者情報は紹介承諾後に共有。","埼玉県屋外広告業登録簿・公式サービスページ"
"看板・屋外広告物点検","埼玉県川口市（過去案件）","DECOSIGN東美株式会社","A","屋外広告業登録または特例届出、有資格者による点検・報告書作成の候補","https://decosign-tohbi.co.jp/company","","","公式フォーム","可","未打診","紹介可否・案件対応可否のみを確認。依頼者情報は紹介承諾後に共有。","埼玉県屋外広告業登録簿・公式サービスページ"
"看板・屋外広告物点検","埼玉県川口市（過去案件）","ワイズ株式会社","A","屋外広告業登録または特例届出、有資格者による点検・報告書作成の候補","https://ys-sign.co.jp/info01.html","","","公式フォーム","可","未打診","紹介可否・案件対応可否のみを確認。依頼者情報は紹介承諾後に共有。","埼玉県屋外広告業登録簿・公式サービスページ"
"看板・屋外広告物点検","埼玉県川口市（過去案件）","株式会社オーエスアート","A","屋外広告業登録または特例届出、有資格者による点検・報告書作成の候補","https://www.os-art.co.jp/about/","","","公式フォーム","可","未打診","紹介可否・案件対応可否のみを確認。依頼者情報は紹介承諾後に共有。","埼玉県屋外広告業登録簿・公式サービスページ"
"看板・屋外広告物点検","埼玉県川口市（過去案件）","株式会社エイシンプランニング","A","屋外広告業登録または特例届出、有資格者による点検・報告書作成の候補","https://eishinplanning-inc.co.jp/company","","","公式フォーム","可","未打診","紹介可否・案件対応可否のみを確認。依頼者情報は紹介承諾後に共有。","埼玉県屋外広告業登録簿・公式サービスページ"
"看板・屋外広告物点検","埼玉県川口市（過去案件）","株式会社看板ボーイ","A","屋外広告業登録または特例届出、有資格者による点検・報告書作成の候補","","","","公式フォーム","要確認","未打診","紹介可否・案件対応可否のみを確認。依頼者情報は紹介承諾後に共有。","埼玉県屋外広告業登録簿・公式サービスページ"
"看板・屋外広告物点検","埼玉県川口市（過去案件）","株式会社晃新製作所","A","屋外広告業登録または特例届出、有資格者による点検・報告書作成の候補","","","","公式フォーム","要確認","未打診","紹介可否・案件対応可否のみを確認。依頼者情報は紹介承諾後に共有。","埼玉県屋外広告業登録簿・公式サービスページ"
"看板・屋外広告物点検","埼玉県川口市（過去案件）","株式会社近丸","A","屋外広告業登録または特例届出、有資格者による点検・報告書作成の候補","","","","公式フォーム","要確認","未打診","紹介可否・案件対応可否のみを確認。依頼者情報は紹介承諾後に共有。","埼玉県屋外広告業登録簿・公式サービスページ"
"看板・屋外広告物点検","埼玉県川口市（過去案件）","株式会社アド・アサヒ","A","屋外広告業登録または特例届出、有資格者による点検・報告書作成の候補","","","","公式フォーム","要確認","未打診","紹介可否・案件対応可否のみを確認。依頼者情報は紹介承諾後に共有。","埼玉県屋外広告業登録簿・公式サービスページ"
"看板・屋外広告物点検","埼玉県川口市（過去案件）","株式会社アド・サイン","A","屋外広告業登録または特例届出、有資格者による点検・報告書作成の候補","","","","公式フォーム","要確認","未打診","紹介可否・案件対応可否のみを確認。依頼者情報は紹介承諾後に共有。","埼玉県屋外広告業登録簿・公式サービスページ"
"看板・屋外広告物点検","埼玉県川口市（過去案件）","株式会社アート・ワーク","A","屋外広告業登録または特例届出、有資格者による点検・報告書作成の候補","","","","公式フォーム","要確認","未打診","紹介可否・案件対応可否のみを確認。依頼者情報は紹介承諾後に共有。","埼玉県屋外広告業登録簿・公式サービスページ"
"看板・屋外広告物点検","埼玉県川口市（過去案件）","株式会社アート・プランニング","A","屋外広告業登録または特例届出、有資格者による点検・報告書作成の候補","","","","公式フォーム","要確認","未打診","紹介可否・案件対応可否のみを確認。依頼者情報は紹介承諾後に共有。","埼玉県屋外広告業登録簿・公式サービスページ"
"看板・屋外広告物点検","埼玉県川口市（過去案件）","株式会社アートフリーク","A","屋外広告業登録または特例届出、有資格者による点検・報告書作成の候補","","","","公式フォーム","要確認","未打診","紹介可否・案件対応可否のみを確認。依頼者情報は紹介承諾後に共有。","埼玉県屋外広告業登録簿・公式サービスページ"
"看板・屋外広告物点検","埼玉県川口市（過去案件）","株式会社アドシステム","A","屋外広告業登録または特例届出、有資格者による点検・報告書作成の候補","","","","公式フォーム","要確認","未打診","紹介可否・案件対応可否のみを確認。依頼者情報は紹介承諾後に共有。","埼玉県屋外広告業登録簿・公式サービスページ"
"看板・屋外広告物点検","埼玉県川口市（過去案件）","株式会社サイン・アーテック","A","屋外広告業登録または特例届出、有資格者による点検・報告書作成の候補","","","","公式フォーム","要確認","未打診","紹介可否・案件対応可否のみを確認。依頼者情報は紹介承諾後に共有。","埼玉県屋外広告業登録簿・公式サービスページ"
"看板・屋外広告物点検","埼玉県川口市（過去案件）","株式会社サイン・スペース","A","屋外広告業登録または特例届出、有資格者による点検・報告書作成の候補","","","","公式フォーム","要確認","未打診","紹介可否・案件対応可否のみを確認。依頼者情報は紹介承諾後に共有。","埼玉県屋外広告業登録簿・公式サービスページ"
"看板・屋外広告物点検","埼玉県川口市（過去案件）","株式会社サインズ","A","屋外広告業登録または特例届出、有資格者による点検・報告書作成の候補","","","","公式フォーム","要確認","未打診","紹介可否・案件対応可否のみを確認。依頼者情報は紹介承諾後に共有。","埼玉県屋外広告業登録簿・公式サービスページ"
"看板・屋外広告物点検","埼玉県川口市（過去案件）","株式会社サンコー企画","A","屋外広告業登録または特例届出、有資格者による点検・報告書作成の候補","","","","公式フォーム","要確認","未打診","紹介可否・案件対応可否のみを確認。依頼者情報は紹介承諾後に共有。","埼玉県屋外広告業登録簿・公式サービスページ"
"看板・屋外広告物点検","埼玉県川口市（過去案件）","株式会社シーエス・ワン","A","屋外広告業登録または特例届出、有資格者による点検・報告書作成の候補","","","","公式フォーム","要確認","未打診","紹介可否・案件対応可否のみを確認。依頼者情報は紹介承諾後に共有。","埼玉県屋外広告業登録簿・公式サービスページ"
"看板・屋外広告物点検","埼玉県川口市（過去案件）","株式会社スカイサイン","A","屋外広告業登録または特例届出、有資格者による点検・報告書作成の候補","","","","公式フォーム","要確認","未打診","紹介可否・案件対応可否のみを確認。依頼者情報は紹介承諾後に共有。","埼玉県屋外広告業登録簿・公式サービスページ"
"看板・屋外広告物点検","埼玉県川口市（過去案件）","株式会社スペースアート","A","屋外広告業登録または特例届出、有資格者による点検・報告書作成の候補","","","","公式フォーム","要確認","未打診","紹介可否・案件対応可否のみを確認。依頼者情報は紹介承諾後に共有。","埼玉県屋外広告業登録簿・公式サービスページ"
"看板・屋外広告物点検","埼玉県川口市（過去案件）","株式会社ゼンシン","A","屋外広告業登録または特例届出、有資格者による点検・報告書作成の候補","","","","公式フォーム","要確認","未打診","紹介可否・案件対応可否のみを確認。依頼者情報は紹介承諾後に共有。","埼玉県屋外広告業登録簿・公式サービスページ"
"看板・屋外広告物点検","埼玉県川口市（過去案件）","株式会社タカハシ工芸","A","屋外広告業登録または特例届出、有資格者による点検・報告書作成の候補","","","","公式フォーム","要確認","未打診","紹介可否・案件対応可否のみを確認。依頼者情報は紹介承諾後に共有。","埼玉県屋外広告業登録簿・公式サービスページ"
"看板・屋外広告物点検","埼玉県川口市（過去案件）","株式会社ダイカン","A","屋外広告業登録または特例届出、有資格者による点検・報告書作成の候補","","","","公式フォーム","要確認","未打診","紹介可否・案件対応可否のみを確認。依頼者情報は紹介承諾後に共有。","埼玉県屋外広告業登録簿・公式サービスページ"
"看板・屋外広告物点検","埼玉県川口市（過去案件）","株式会社テクノサイン","A","屋外広告業登録または特例届出、有資格者による点検・報告書作成の候補","","","","公式フォーム","要確認","未打診","紹介可否・案件対応可否のみを確認。依頼者情報は紹介承諾後に共有。","埼玉県屋外広告業登録簿・公式サービスページ"
"看板・屋外広告物点検","埼玉県川口市（過去案件）","株式会社トーガシ","A","屋外広告業登録または特例届出、有資格者による点検・報告書作成の候補","","","","公式フォーム","要確認","未打診","紹介可否・案件対応可否のみを確認。依頼者情報は紹介承諾後に共有。","埼玉県屋外広告業登録簿・公式サービスページ"
"看板・屋外広告物点検","埼玉県川口市（過去案件）","株式会社ナカムラ看板","A","屋外広告業登録または特例届出、有資格者による点検・報告書作成の候補","","","","公式フォーム","要確認","未打診","紹介可否・案件対応可否のみを確認。依頼者情報は紹介承諾後に共有。","埼玉県屋外広告業登録簿・公式サービスページ"
"看板・屋外広告物点検","埼玉県川口市（過去案件）","株式会社ニッシン","A","屋外広告業登録または特例届出、有資格者による点検・報告書作成の候補","","","","公式フォーム","要確認","未打診","紹介可否・案件対応可否のみを確認。依頼者情報は紹介承諾後に共有。","埼玉県屋外広告業登録簿・公式サービスページ"
"看板・屋外広告物点検","埼玉県川口市（過去案件）","株式会社ハヤシ工芸","A","屋外広告業登録または特例届出、有資格者による点検・報告書作成の候補","","","","公式フォーム","要確認","未打診","紹介可否・案件対応可否のみを確認。依頼者情報は紹介承諾後に共有。","埼玉県屋外広告業登録簿・公式サービスページ"
